,id,created,deadline,title,issues,type,count,body,url
0,2434791,2017-01-20 10:47:16,2017-02-19 10:47:16,"Immediately release Donald Trump's full tax returns, with all information needed to verify emoluments clause compliance.","Foreign Policy, Government & Regulatory Reform",Tell us what the federal government is doing about an issue,1032520,"The unprecedented economic conflicts of this administration need to be visible to the American people, including any pertinent documentation which can reveal the foreign influences and financial interests which may put Donald Trump in conflict with the emoluments clause of the Constitution.",https://petitions.whitehouse.gov/petition/immediately-release-donald-trumps-full-tax-returns-all-information-needed-verify-emoluments-clause-compliance
1,2434746,2017-01-20 10:38:48,2017-02-19 10:38:48,Divest or put in a blind trust all of the President's business and financial assets,Government & Regulatory Reform,Change an existing Administration policy,335608,"In keeping with tradition and to avoid the appearance of conflicts of interest, corruption, and violations of the emoluments clause of the US Constitution, President Trump should divest his financial and business holdings or have them administered by a truly blind trust.",https://petitions.whitehouse.gov/petition/divest-or-put-blind-trust-all-presidents-business-and-financial-assets
2,2436006,2017-01-20 12:57:47,2017-02-19 12:57:47,Let American Farmers Grow Hemp Once Again to Create Jobs and Rebuild the Rural Economy,"Economy & Jobs, Government & Regulatory Reform, Rural Policy",Change an existing Administration policy,91810,"Industrial hemp was once a dominant crop on the American landscape. This hardy and renewable resource was refined for various industrial applications, including paper, textiles, and cordage. Unfortunately hemp was conflated with marijuana but hemp can't be used as a drug. Over time, the use of industrial hemp has evolved into an even greater variety of products, including health foods, body care, clothing, auto parts, construction materials, biofuels, plastic composites and more.Farmers in Europe, Canada and China all grow hemp and over $600 million in imported hemp products  were sold in the USA in 2016. Congress has 2 bipartisan bills which would bring back hemp farming and create rural jobs. We request that President Trump work with Congress to pass hemp legislation in 2017",https://petitions.whitehouse.gov/petition/let-american-farmers-grow-hemp-once-again-create-jobs-and-rebuild-rural-economy
3,2434936,2017-01-20 11:00:04,2017-02-19 11:00:04,Donald Trump:  Resign as President of the United States in Violation of the Emoluments Clause.  Release Your Tax Returns,"Civil Rights & Equality, Foreign Policy, Government & Regulatory Reform",Propose a new Administration policy,127571,"The President violates the Title of Nobility Clause, as explained in Article I, Section 9 of the United States Constitution.The clause states:  No title of nobility shall be granted by the United States: and no person holding any office of profit or trust under them, shall, without the consent of the Congress, accept of any present, emolument, office, or title, of any kind whatever, from any king, prince, or foreign state.Donald Trump has known financial ties with Russia, and owes hundreds of millions of dollars in debt to banks in foreign countries, such as China. The complicated business entanglements create a conflict of interest for national security issues.  The American People deserve to see his tax returns.Donald Trump needs to resign as President of the United States.",https://petitions.whitehouse.gov/petition/donald-trump-resign-president-united-states-violation-emoluments-clause-release-your-tax-returns
4,2434701,2017-01-20 10:29:33,2017-02-19 10:29:33,Repeal the NFA,"Foreign Policy, Government & Regulatory Reform, Gun Violence",Change an existing Administration policy,245202,"We the People wish to see the National Firearms Act of 1934 repealed in order to remove regulations on our 2nd amendment rights, increase national economic strength, and provide protection against threats to our national security.",https://petitions.whitehouse.gov/petition/repeal-nfa
5,2435781,2017-01-20 12:39:55,2017-02-19 12:39:55,Repeal the 1986 Hughes amendment,"Civil Rights & Equality, Government & Regulatory Reform",Call on Congress to act on an issue,77037,"The 1986 Hughes amendment (as part of the Firearm Owners Protection Act) is an unconstitutional ban that limits law abiding citizens from owning fully automatic weapons that were manufactured past May 19, 1986. Select fire weapons are already very heavily regulated under the 1934 National Firearms Act which requires you to register your gun and submit a tax stamp. Since 1934 there have only been 2 known homicides committed with a legally owned fully automatic firearm and one of them was caused by a police officer. This law does nothing to prevent crime and it raises the price of legal automatic weapons to a ludicrous price due to supply and demand. Repealing the unconstitutional Hughes amendment will restore our second amendment rights that have been under attack for a very long time.",https://petitions.whitehouse.gov/petition/repeal-1986-hughes-amendment
6,2437386,2017-01-20 15:12:25,2017-02-19 15:12:25,Investigate Hillary Clinton for crimes committed against the People and Government of the United States.,"Foreign Policy, Homeland Security & Defense, Immigration",Take or explain a position on an issue or policy,19313,Evidence contained in leaked emails from the Democratic National Committee indicate the need for a thorough investigation of the actions taken by Hillary Rodham Clinton while occupying the positions of United States Senator and Secretary of State.,https://petitions.whitehouse.gov/petition/investigate-hillary-clinton-crimes-committed-against-people-and-government-united-states
7,2435786,2017-01-20 12:40:15,2017-02-19 12:40:15,"Demand Trump administration add LGBT rights, climate change, and civil rights back to list of issues on wh.gov site","Civil Rights & Equality, Energy & Environment",Propose a new Administration policy,74094,"Within hours of the peaceful transition of power, the Trump administration removed Civil Rights, Climate Change, and LGBT Rights from the whitehouse.gov menu bar. We demand that the incoming administration prioritizes the rights of all Americans and our climate by re-enacting policies that address all of the aforementioned issues. Sign this petition to make your voice be heard. We the people will not allow ourselves to be erased.",https://petitions.whitehouse.gov/petition/demand-trump-administration-add-lgbt-rights-climate-change-and-civil-rights-back-list-issues-whgov-site
8,2442306,2017-01-21 08:55:42,2017-02-20 08:55:42,Do not defund the NEA or NEH,"Budget & Taxes, Education, Innovation: Arts & Technology",Change an existing Administration policy,106623,"Recent reports suggest President Donald Trump plans to defund the National Endowment for the Arts and the National Endowment for the Humanities. Without the NEA and NEH, artists and educators could be left without crucial government grants for their projects. Everything from orchestral performances to music enrichment programs in public schools would be negatively impacted.Funding for the national endowments are a minuscule portion -- 0.004% (!) -- of the nearly $4 trillion federal budget. In 2016, the NEA and NEH each received $148 million in funding.We ask President Trump to support the arts by not defunding the NEA and NEH.",https://petitions.whitehouse.gov/petition/do-not-defund-nea-or-neh-0
9,2435006,2017-01-20 11:12:52,2017-02-19 11:12:52,Boost the American Economy through Climate Action,"Economy & Jobs, Energy & Environment, Technology & Innovation",Take or explain a position on an issue or policy,22244,"The international economy is undergoing a revolution: nations are boosting their economies while reducing their pollution.U.S. trade partners and economic competitors are finding clean energy (solar, wind) and energy efficiency to be strongly boosting their economies and increasing competitiveness while leading to cleaner air and water for their people.  China has recently announced plans to invest $350 billion (BILLION) in clean energy while creating 13 million jobs by 2020.  With each passing day, clean energy options are becoming less expensive and increasingly (far) lower cost than traditional, polluting fossil-fuel energy options. The Trump Administration can fulfill its pledge to protect air/water, create jobs, and boost the economy through serious climate action.",https://petitions.whitehouse.gov/petition/boost-american-economy-through-climate-action
10,2442806,2017-01-21 10:11:40,2017-02-20 10:11:40,Change the law putting a financial strain on many disabled veterans,Veterans & Military,Call on Congress to act on an issue,5456,"Over the last couple years, the military has downsized. When it does this, it offers separation packages, aka money to help those who are leaving transition to their new civilian life. I received one of these packages, and was told to go to the VA hospital if I needed future medical care. I did, and was diagnosed as 70% disabled. But due to an outdated law I was told 100% of my disability payments would be recouped until I repaid my separation package. This caused a severe financial strain and almost resulted in suicide. Thousands of service members are facing this recoupment and until congress changes the law they will continue to get disability payments recouped until they re-pay severance. This is wrong on so many levels and isn't even being briefed before service members leave service.",https://petitions.whitehouse.gov/petition/change-law-putting-financial-strain-many-disabled-veterans
11,2441801,2017-01-21 06:58:16,2017-02-20 06:58:16,"We the decent Venezuelan people ask President Donald Trump to help recoup Venezuela's sovereignty, liberty and democracy","Foreign Policy, Homeland Security & Defense",Take or explain a position on an issue or policy,1478,"We the decent Venezuelan people we need the support from President Donald Trump to help recoup Venezuela back to decency and to be again a democratic and sovereign country.We need the help of the government and the people of the United States to rid Venezuela from:1.- Narco-Trafficking, coming from the top of the presidential family 2.-The Castroxs Regime control of Venezuela at the highest level of military, economy and politics 3.- The terrorism threat represented by the new designated VP Tareck El Aissaimi  head of Hezbollah in Venezuela and facilitator providing Venezuelan passports to recognized Arab terroristsThe solution is not that everybody emigrate to the U.S. The solution is to get rid of the opprobrious Venezuelan regime and to have a sovereign country.  God Bless America",https://petitions.whitehouse.gov/petition/we-decent-venezuelan-people-ask-president-donald-trump-help-recoup-venezuelas-sovereignty-liberty-and-democracy
12,2440311,2017-01-20 21:51:05,2017-02-19 21:51:05,Immediately abolish the Net Worth Sweep of Fannie Mae(FNMA) and Freddie Mac(FMCC).,Government & Regulatory Reform,Change an existing Administration policy,1172,This Net Worth Sweep which was set up on Fannie Mae and Freddie Mac has accomplished what it was setup to do and now it is time to be abolished.  The taxpayers have been paid back and the investors large and small should now be valued.,https://petitions.whitehouse.gov/petition/immediately-abolish-net-worth-sweep-fannie-maefnma-and-freddie-macfmcc
13,2434906,2017-01-20 10:56:18,2017-02-19 10:56:18,Improved Medicare for All,Health Care,Call on Congress to act on an issue,9555,"Improved Medicare for all is the only health reform option that will cover everyone and control rising health spending - including skyrocketing drug prices  - making the Medicare program sustainable for generations to come.  Single payer saves over $500 billion annually on wasteful private insurance bureaucracy, enough to cover all the uninsured and to eliminate copayments and deductibles.  The majority of Americans and physicians support a national health insurance program like Improved Medicare for All.  Single payer eliminates the threat of medical bankruptcy, ends insurer interference in the doctor-patient relationship, and saves tens of thousands of lives and billions of dollars per year.  More information, fact sheets and links on why we need #single payer are at www.pnhp.org.",https://petitions.whitehouse.gov/petition/improved-medicare-all
14,2442081,2017-01-21 08:03:25,2017-02-20 08:03:25,Issue an International Arrest Warrant for George Soros,Criminal Justice Reform,Propose a new Administration policy,52059,"George Soros is a menace to the free world and stands in the way of making America great again. He is guilty of the following crimes:1) Financially supports open sedition in major American cities resulting in millions of dollars of property damage as well as loss of life.2) Attempts to manipulate democratic elections by donating millions of dollars to his preferred candidates.3) Seeks to curtail American sovereignty. In his own words: ""The main obstacle to a stable and just world order is the United States ... Changing [the] attitude and policies of the United States remains my top priority."" 4) Is a currency manipulator. Soros initiated a British financial crisis by dumping 10 billion sterling, forcing the devaluation of the currency and gaining a billion-dollar profit.",https://petitions.whitehouse.gov/petition/issue-international-arrest-warrant-george-soros
15,2443571,2017-01-21 12:59:35,2017-02-20 12:59:35,Arrest and detainment of singer Madonna.,"Civil Rights & Equality, Government & Regulatory Reform, Homeland Security & Defense",Tell us what the federal government is doing about an issue,4767,"On January 21, 2017, Madonna was participating in a woman's march in D.C.. During her time there she had threatened to blow up the White House. Given her status as a so-called Icon to other Americans, her dangerous and violent rhetoric towards democracy can influence thousands of other Americans to commit acts of terrorism towards our country. She should be arrested, detained and charged under the anti-terror Bill C-51 for promoting terror in our Nation and be made an example of. This goes way beyond freedom of speech. Please do let let threats like these go unchecked. They are only mad because their candidate lost the election. Democracy is at risk. Please sign. Thank You.",https://petitions.whitehouse.gov/petition/arrest-and-detainment-singer-madonna
16,2444346,2017-01-21 15:34:24,2017-02-20 15:34:24,"Restore and maintain accurate, science-based information on climate change to the White House website.","Energy & Environment, Homeland Security & Defense, Technology & Innovation",Change an existing Administration policy,37643,"The broad scientific consensus is that climate change is real and that human action is a significant contributing factor.As an industrial nation, as one of the major contributors to greenhouse gas emissions, and as a leading academic and scientific center, it is incumbent upon the United States to take vigorous and proactive steps to understand the nature of climate change and to mitigate the effects on the planet. The president must display leadership and champion effective action before it is too late. Nature does not negotiate or give extensions.Please immediately restore information on climate change to the White House website and take strong action to show that the US will be a leader in addressing this global issue.",https://petitions.whitehouse.gov/petition/restore-and-maintain-accurate-science-based-information-climate-change-white-house-website
17,2445881,2017-01-21 20:27:57,2017-02-20 20:27:57,Demand justice for international students affected by ACICS' loss of accreditation power,"Education, Immigration",Propose a new Administration policy,2093,"We are aware that Department of Education (DOE) has revoked the Accrediting Council for Independent Colleges and Schools' (ACICS) accreditation power. But DOE did not consider the immediate harm done to existing international students.DOE should provide alternatives to existing students, which they failed to provide. Our goal is to achieve some allowance for international students. I am a current student in one of the universities which lost accreditation due to ACICS shut down.The withdrawal of recognition for ACICS, on 12/12/2016, has impacted the international student community on an immediate basis. More than 16,000 international students have been adversely affected by this decision.",https://petitions.whitehouse.gov/petition/demand-justice-international-students-affected-acics-loss-accreditation-power
18,2442946,2017-01-21 10:32:55,2017-02-20 10:32:55,Restore Education as a Constitutional Right &amp; Protect Medical Freedom,Education,Propose a new Administration policy,2137,"The right to a free, public education is guaranteed in the constitution. States are now passing laws to exclude students based on medical history (SB277 in California), which is a violation of their constitutional rights. It also sets a dangerous precedent to allow the states to mandate medical procedures in order to hold a job (SB792 in California passed already). California is not the only state with laws like these either passed already or in progress. Vaccination is a medical procedure with risks and cannot be a requirement in order to have access to the rights the constitution affords us.",https://petitions.whitehouse.gov/petition/restore-education-constitutional-right-protect-medical-freedom
19,2443081,2017-01-21 10:54:52,2017-02-20 10:54:52,Call on the The Republic of Cameroon government to stop the killing and marginalization of Anglophone Cameroonians.,"Civil Rights & Equality, Foreign Policy",Take or explain a position on an issue or policy,537,"For 50 plus years, the corrupt and dysfunctional government of the republic of Cameroon lead by Paul Biya has senselessly killed and marginalized Anglophone Cameroonians with recent killings and imprisonment of opposition leaders. For over four months, Anglophone Cameroonian lawyers, teachers, politicians, and students have been on strike due to the imposition of french laws and educational systems, and marginalization of the Anglophone regions of the country. We Americans of Cameroonian origin plead to President Donald J. Trump and the US Congress to call on Paul Biya to listen to the Anglophones and return the country back to the Federal System agreed to in the 1960 independence and unification deal. If Paul Biya does not listen, expel all Cameroonian diplomats from the United States.",https://petitions.whitehouse.gov/petition/call-republic-cameroon-government-stop-killing-and-marginalization-anglophone-cameroonians
20,2445146,2017-01-21 18:19:21,2017-02-20 18:19:21,Pledge to continue funding the National Endowment for the Arts and the National Endowment for the Humanities,"Budget & Taxes, Government & Regulatory Reform, Innovation: Arts & Technology",Take or explain a position on an issue or policy,9496,"The National Endowment for the Arts and the National Endowment for the Humanities provide critical funding for the creation, development, and research of the arts and humanities in the United States. Together, these funding sources allow artists to create world-renowned and distinctly American art, music, literature, poetry, and more while also providing all Americans the opportunity to experience these artistic endeavors by providing sustainable funding for museums, archives, libraries, colleges, universities, public television, public radio, and scholars. Without the funding provided by both the NEA and the NEH, many Americans would not be able to participate in the creation and appreciation of the arts and humanities, a decision that would inordinately effect rural and poor Americans.",https://petitions.whitehouse.gov/petition/pledge-continue-funding-national-endowment-arts-and-national-endowment-humanities
21,2446521,2017-01-21 23:09:30,2017-02-20 23:09:30,Charge Madonna with Terrorist Threats against the president of the United States of America.,Homeland Security & Defense,Take or explain a position on an issue or policy,5120,"The disgraceful, federally illegal rhetoric spewed by this terrorist is nothing less than punishable by prison time of at least five years federal jail time. We the people will not stand for this! Please sign this petition, so as to be sure she and her followers NEVER cross that line again! She must be arrested and charged NOW!",https://petitions.whitehouse.gov/petition/charge-madonna-terrorist-threats-against-president-united-states-america
22,2444041,2017-01-21 14:35:04,2017-02-20 14:35:04,"Reinstate Lt. Col. Terry Lakin into the U.S. Army with full rank, pay, benefits and pension immediately.","Civil Rights & Equality, Criminal Justice Reform, Veterans & Military",Call on Congress to act on an issue,5950,"The former Lt. Col. Terrence Lakin was a highly-decorated Army flight surgeon who questioned whether or not the orders he received from Obama were legitimate. Court-martialed, imprisoned, expelled from the Army and denied pay, pension and benefits, Terry was merely  following his officer's oath and constitutional duty.  It is an outrage that this was allowed to happen. Obama refused to answer Terry's letter and ended up producing a forged birth certificate.  Terry who was a medical doctor is a valuable asset to the American military and the fact that his military chain of command and his congressional representatives allowed him to be court-martialed and run out of the army is an outrage for all Americans. This grave injustice needs to be addressed and corrected ASAP.",https://petitions.whitehouse.gov/petition/reinstate-lt-col-terry-lakin-us-army-full-rank-pay-benefits-and-pension-immediately
23,2440436,2017-01-20 22:16:57,2017-02-19 22:16:57,Preserve the National Endowment for the Arts and the National Endowment for the Humanities,"Budget & Taxes, Education, Innovation: Arts & Technology",Take or explain a position on an issue or policy,198400,"The Arts and Humanities  are a vital part of our cultural identity and enhance the quality of our lives. They connect us to the past, they speak to us in the present, and they are our legacy, our gift to the future.  Investing in them is never a waste, and I strongly urge that both the National Endowment for the Arts and National Endowment for the Humanities continue to receive federal funding.",https://petitions.whitehouse.gov/petition/preserve-national-endowment-arts-and-national-endowment-humanities
24,2441596,2017-01-21 06:17:25,2017-02-20 06:17:25,The United States must stop investing in fossil fuels and lead the global efforts to stop climate change,"Economy & Jobs, Energy & Environment, Technology & Innovation",Change an existing Administration policy,3261,"The United States is the second largest contributor to CO2 emissions and climate change in the world and has double the per capita emissions of both China and the European Union.The current Administration plans to worsen this situation by investing in the use of damaging, expensive, and obsolete energy sources such as coal, shale, and oil.An ""America First Energy Plan"" should focus on investing in the enormous cheap and local renewable resources which are available in America and remain currently untapped.This has the potential to continue the growth of a new industry which is bringing to the US new jobs, independence from foreign oil and helps protect the environment, guaranteeing  that future generations will be able to live in a prosperous, safe, and healthy world.",https://petitions.whitehouse.gov/petition/united-states-must-stop-investing-fossil-fuels-and-lead-global-efforts-stop-climate-change
25,2438091,2017-01-20 16:29:48,2017-02-19 16:29:48,Stop H1B abuse,"Economy & Jobs, Immigration",Propose a new Administration policy,1215,"Every year thousands of foreign tech workers come to the US and displace American tech workers. The H1B program was created to allow highly skilled foreign workers to come to the US to temporarily fill gaps in the American work force. Today most H1B visas are issued to workers of large outsourcing vendors and those vendors are using the visa holders as cheap labor to replace US workers. The number of H1B visas issued each year should be reduced and the minimum salary should be raised to return the program to what it was meant to be. A way of bringing highly skilled workers to the US (and paying them what they are worth) to fill gaps, not to unemploy American workers.",https://petitions.whitehouse.gov/petition/stop-h1b-abuse
26,2444236,2017-01-21 15:15:32,2017-02-20 15:15:32,Impeach Donald Trump,"Budget & Taxes, Government & Regulatory Reform",Propose a new Administration policy,8096,"- Whereas Donald Trump lost the popular vote by nearly three million votes;- Whereas Donald Trump has yet to resolve the ethical and possibly criminal conflicts between his businesses and his duties as public servant;- Whereas Donald Trump has refused to release his tax returns or declare his financial interests;- Whereas Donald Trump is a self-professed sexual predator and climate change denier;- Whereas Donald Trump is unprepared for the job of president;His tenure in office will degrade the dignity of government, debase respect for public servants, undermine national security, and enable broad forms of corruption, malfeasance and dereliction. - Therefore, we demand that he be removed from office so that the business of government can be conducted in a serious and ethical manner.",https://petitions.whitehouse.gov/petition/impeach-donald-trump-8
27,2447691,2017-01-22 08:32:00,2017-02-21 08:32:00,"A proposal to continue funding the National Endowment for the Arts, or provide methods for alternative revenue streams.","Budget & Taxes, Education, Innovation: Arts & Technology",Take or explain a position on an issue or policy,514,"A proposal to continue funding the National Endowment for the Arts, or provide methods for alternative revenue streams in the coming fiscal years to preserve the ARTS in America.The NEA has been in service for 50 years now and has received over $5 billion in awards dedicated to preserving ART and Culture in America.With a sector comprising 4.2 percent x or $704 billion x of GDP, and nearly five million workers in U.S. arts and cultural industries, arts jobs are real jobs that are part of the real economy. Arts workers pay taxes, and art contributes to economic growth.Beyond economic impacts, the arts contribute to neighborhood revitalization and the livability of American towns and cities.",https://petitions.whitehouse.gov/petition/proposal-continue-funding-national-endowment-arts-or-provide-methods-alternative-revenue-streams
28,2448831,2017-01-22 12:20:56,2017-02-21 12:20:56,TAKE CNN OF THE AIR,"Education, Government & Regulatory Reform, Rural Policy",Propose a new Administration policy,934,"CNN HAS BEEN CAUGHT SEVERAL TIMES ALTERING TRUTH &amp; EVEN LYING TO CREATE AN AGENDA. THIS IS NOT ACCEPTABLE... WE THE PEOPLE FEEL THAT NEWS ORGANIZATIONS SHOULD BE GIVING HONEST, FAIR &amp; UNBIASED INVESTIGATIVE REPORTING... THE MSM (WITH CNN LEADING THE WAY) REFUSES TO BE FAIR &amp; HONEST.  WE WANT CNN TO BE USED AS AN EXAMPLE OF WHAT HAPPENS TO ""NEWS"" ORGANIZATIONS WHEN THEY ARE CAUGHT LYING ABOUT INFORMATION &amp; BE TAKEN OFF THE AIR... WE ARE TIRED OF THE LIES, THE PROPAGANDA &amp; THE AGENDA DRIVEN MOTIVES &amp; WANT SOMETHING DONE... WE THE PEOPLE NO LONGER WISH TO BE LIED TO TO PROMOTE THEIR AGENDAS.....",https://petitions.whitehouse.gov/petition/take-cnn-air
29,2448971,2017-01-22 12:44:00,2017-02-21 12:44:00,We ask the new administration to work with Congress to extend U.S. residency to those holding DACA status.,"Civil Rights & Equality, Education, Immigration",Propose a new Administration policy,646,Those who entered the United States as minors should have a clear path toward becoming US residents. The passage of Deferred Action for Childhood Arrivals (DACA) as an executive action in 2012 granted undocumented immigrants who entered the country before their 16th birthday and before June 2007 temporary protection from deportation. DACA has allowed them to pursue academic study and enrich our communities through their involvement. The DACA program should be improved upon by making full residency possible within a reasonable timeframe. This would be an important first step toward real immigration reform. Those who contribute their labor and talents to our communities should feel respected in the USA.,https://petitions.whitehouse.gov/petition/we-ask-new-administration-work-congress-extend-us-residency-those-holding-daca-status
30,2438386,2017-01-20 16:58:05,2017-02-19 16:58:05,Act on Climate Now,"Energy & Environment, Homeland Security & Defense, Technology & Innovation",Take or explain a position on an issue or policy,649,"The world just experienced the third straight year of record high temperatures. Climate change threatens Americaxs economy, national security, and public health and safety. We urge Donald Trump and his administration to take the following key steps to address climate change immediately:1) Grow our economy by making the United States a leader in clean energy like solar and wind.2) Reduce our dependence on fossil fuels and its associated carbon pollution.3) Maintain and strengthen the regulations which keep our air and water clean. 4) Implement climate preparedness programs. 5) Publicly acknowledge that climate change is a real, human-caused, and urgent threat.6) Protect scientific integrity in policy making.7) Uphold the United States commitment to the Paris Climate Agreement.",https://petitions.whitehouse.gov/petition/act-climate-now
31,2437226,2017-01-20 14:58:06,2017-02-19 14:58:06,Immediately investigate the pedophile code language found in the Stratfor and Podesta emails released by Wikileaks,"Civil Rights & Equality, Criminal Justice Reform, Government & Regulatory Reform",Tell us what the federal government is doing about an issue,3390,"The emails released by Wikileaks from the account of John Podesta contain declassified FBI code language used by pedophiles. We the people demand a thorough, exhaustive investigation into the terrifying implications of this alleged behavior and wish that all who are involved, no matter how powerful, be prosecuted under the full extent of the law. The same code can be found in the emails of Stratfor employees also released by Wikileaks. This action must be taken to preserve the very fabric of our country and to protect children everywhere who are being abused and trafficked for the sick delight of so many powerful elites. President Trump, there is no better example of draining the swamp, than by flushing these predators down the drain.",https://petitions.whitehouse.gov/petition/immediately-investigate-pedophile-code-language-found-stratfor-and-podesta-emails-released-wikileaks
32,2439411,2017-01-20 19:18:42,2017-02-19 19:18:42,Remove Regulations and Unconstitutional Tax on Short Barreled Rifles (SBR) of National Firearms Act of 1934,"Budget & Taxes, Homeland Security & Defense, Veterans & Military",Change an existing Administration policy,764,"This act was placed into effect during a time of unprecedented gangster violence. It is outdated and Unconstitutional. This is irrelevant to the common day usage of SBR's which are used for sporting and hunting purposes. Definition: A weapon made from a rifle if such weapon as modified has an overall length of less than 26 inches or a barrel or barrels of less than 16 inches in length; A pistol (16"" or less barrel without buttstock) AR is legal and a Rifle (16"" or longer barrel with buttstock) AR is legal. We should not have to pay an unconstitutional Tax that is from 83 years ago for owning a gun that falls in the middle of the two . The law does nothing but take more money from law abiding citizens. Please remove this unconstitutional and infringing GOD given right!",https://petitions.whitehouse.gov/petition/remove-regulations-and-unconstitutional-tax-short-barreled-rifles-sbr-national-firearms-act-1934
33,2450016,2017-01-22 15:51:20,2017-02-21 15:51:20,Make Antifa and similar militant leftist groups labeled a terrorist or criminal organization.,"Civil Rights & Equality, Criminal Justice Reform, Homeland Security & Defense",Propose a new Administration policy,542,Certain militant elements of the left IE Black blocs Anarchists and Antifa make a habit of attacking anyone they view as right wing specifically president Trump they are anti free speech and are against american values  by using violence to intimidate their opponents. we would like the police to take a more active role in preventing them from being able to attack at will.,https://petitions.whitehouse.gov/petition/make-antifa-and-similar-militant-leftist-groups-labeled-terrorist-or-criminal-organization
34,2451886,2017-01-23 01:08:08,2017-02-22 01:08:08,"Commute or Pardon Sergeant Miller, review all current military prisoners and review the Uniform Code of Military Justice","Homeland Security & Defense, Veterans & Military",Call on Congress to act on an issue,265,"Sergeant Miller is serving a Life Sentence at Fort Leavenworth, for acting in Self Defense in the 11th month of a deployment he had volunteered for back in 2010. It was his second deployment he had volunteered for and his 3rd deployment in 4 years. We're asking for Sergeant Miller to be pardoned or have his sentence commuted, at the very least. We're also asking for all current US soldiers incarcerated to be reviewed. Thirdly, we're asking for congress to review the current Uniform Code of Military Justice.",https://petitions.whitehouse.gov/petition/commute-or-pardon-sergeant-miller-review-all-current-military-prisoners-and-review-uniform-code-military-justice-0
35,2454876,2017-01-23 13:46:58,2017-02-22 13:46:58,"We the People call upon the Congress, the President, and the government of Michigan to decontaminate the water of Flint.","Energy & Environment, Rural Policy, Transportation & Infrastructure",Call on Congress to act on an issue,2057,"It is shameful that the United States, a first world and developed country, is allowing one of its cities to go without a basic human need; clean drinking water.  Congress must pass a bill to fund the changing of Flint's water lines and decontaminate its water supply.  In the meantime, clean drinking water must be provided to the city of Flint at no cost to Flint, and Flint's  substantial debts must be payed in full.",https://petitions.whitehouse.gov/petition/we-people-call-upon-congress-president-and-government-michigan-decontaminate-water-flint
36,2441281,2017-01-21 04:59:22,2017-02-20 04:59:22,"Do Not Take Health Insurance Away From 59 Million Americans, Protect the ACA and the Medicaid Expansion","Civil Rights & Equality, Economy & Jobs, Health Care",Propose a new Administration policy,753,"Any efforts to weaken the Affordable Care Act by repealing critical provisions such as the Individual Mandate and the requirement to cover Preexisting Conditions would lead to catastrophic loss of healthcare for 20 million individuals many of whom the insurance companies refused to insure prior to the ACA. Repealing the Medicaid Expansion will exacerbate this further, costing an additional 39 million people insurance. In addition, repealing the Affordable Care Act would add an additional trillion dollars to the national debt. Taking away health insurance from 59 million americans is completely unacceptable. It would cost people's lives. President Trump, please veto any changes short of the single-payer, Canadian-style system that you promised Americans while running for President.",https://petitions.whitehouse.gov/petition/do-not-take-health-insurance-away-59-million-americans-protect-aca-and-medicaid-expansion
37,2449466,2017-01-22 14:15:30,2017-02-21 14:15:30,Re-Open the Schuylkill Valley Metro Commuter Rail--an existing PA rail line connecting Philadelphia and Reading,"Budget & Taxes, Economy & Jobs, Transportation & Infrastructure",Call on Congress to act on an issue,318,"Septa is the 5th busiest commuter rail in the US.Over 110,000 vehicles per day travel on route 422, heading towards Philadelphia. This highway simply cannot accommodate the amount of traffic that continues to grow each year, as the suburbs become more and more populated.There is an existing rail line between Philadelphia and Reading, PA, which is no longer used as a commuter line, as it was closed to commuter trains in the late 1970's.If the federal government funded a project to re-open this regional rail, many jobs would be created, traffic on the highway and vehicle emissions would decrease, and the towns along the rail would see an economic boom. The Schuylkill Valley Metro project has been extensively studied with results supporting the above statements.",https://petitions.whitehouse.gov/petition/re-open-schuylkill-valley-metro-commuter-rail-existing-pa-rail-line-connecting-philadelphia-and-reading
38,2440441,2017-01-20 22:19:44,2017-02-19 22:19:44,A petition to open immigration for White South Africans based upon refugee status.,"Civil Rights & Equality, Foreign Policy, Immigration",Propose a new Administration policy,293,"This petition is set up to ask President Donald Trump and the Congress to grant all White South Africans refugee status based upon the White Genocide that is, and has been, occurring. Since the communist African National Congress (ANC) took over South Africa, more than 70,000 Whites have been murdered and untold numbers have been robbed, raped and tortured. The website xGenocideWatch.comx observes: xAbout 50 people on average are murdered in South Africa per day, of which at least 20 of them are whites (95% black-on-white murder rate). Please take into consideration that white people make up only 9% (4,500,000) of the demographics in South Africa, and therefore the white murder rate in South Africa is quite significant.xGive White South Africans a chance, give them Refugee status.",https://petitions.whitehouse.gov/petition/petition-open-immigration-white-south-africans-based-upon-refugee-status
39,2437171,2017-01-20 14:52:23,2017-02-19 14:52:23,"Fairness for High-Skilled Immigrants (first come, first serve) - H.R. 392",Immigration,Call on Congress to act on an issue,3363,"This petition is to urge House and Senate to pass H.R. 392 currently pending in the Congress. The legal (high-skilled) immigration system discriminates based on country-of-birth by allocating quotas for individual countries.  For example, a small country like Singapore receives 2,800 green card numbers while the same number of green cards are allocated to big countries like China/India.   Therefore, individuals from larger countries have to wait for decades for availability of green card numbers.  The proposed bill removes the per-country limitation, and makes the system first-come, first-serve. The bill would make the system fair for everybody and stops discrimination based on country-of-birth.The bill does NOT propose increase in overall immigration number",https://petitions.whitehouse.gov/petition/fairness-high-skilled-immigrants-first-come-first-serve-hr-392
40,2437306,2017-01-20 15:07:29,2017-02-19 15:07:29,"Do not embrace Shale Oil, the Coal industry and do not open up more public lands, forests and wetlands to drilling.","Energy & Environment, Government & Regulatory Reform, Technology & Innovation",Change an existing Administration policy,576,"Clean air matters. Clean water matters. Solar energy is now far cheaper than shale oil, natural gas and coal. To expand on oil drilling, and coal mining at the expense of breathable air, drinkable water and thriving wild life would be an asinine move. However, this backwards position is what Trump has touted in his official energy plan... https://www.whitehouse.gov/america-first-energyIf we care about America, we should not adopt a policy to pollute it. Let's embrace solar, it is now cheaper than oil, coal and natural gas... http://www.popularmechanics.com/science/green-tech/a24357/solar-power-cheapest-energy/",https://petitions.whitehouse.gov/petition/do-not-embrace-shale-oil-coal-industry-and-do-not-open-more-public-lands-forests-and-wetlands-drilling
41,2437456,2017-01-20 15:20:02,2017-02-19 15:20:02,Restore the LGBT Rights page on whitehouse.gov to show POTUS is committed to promoting FULL equality.,Civil Rights & Equality,Take or explain a position on an issue or policy,299,"Within seconds of the President's inauguration, the LGBT Rights page disappeared from whitehouse.gov, leading LGBT citizens to believe that our new President truly supports the goals of anti-LGBT activist groups who want to destroy marriage equality and other civil rights protections for lesbian, gay, bisexual, and transgender citizens.  We ask that the POTUS demonstrate that he truly plans to defend the rights of ALL Americans, rather than destroying the advances that so many have worked tirelessly to gain.",https://petitions.whitehouse.gov/petition/restore-lgbt-rights-page-whitehousegov-show-potus-committed-promoting-full-equality
42,2453271,2017-01-23 08:37:08,2017-02-22 08:37:08,Establish an Office of Men's Health at the U.S. Department of Health and Human Services,"Government & Regulatory Reform, Health Care, Veterans & Military",Propose a new Administration policy,400,"We petition for the establishment of an Office of Mens Health at the U.S. Department of Health and Human Services. This office would mirror the work of the existing Office of Womens Health, which has helped to save thousands of lives and has improved the lives of many more.  Men die 6 years younger than women and suffer higher mortality rates for the top 10 causes of death. The lives of hundreds of thousands of men will continue to be threatened unless immediate action is taken to combat this growing crisis.  The Office of Mens Health will coordinate the fragmented mens health awareness, prevention, and research efforts now being conducted by federal and state government.  An Office of Mens Health will help our economy and provide needed resources as health care moves to local management.",https://petitions.whitehouse.gov/petition/establish-office-mens-health-us-department-health-and-human-services
43,2453326,2017-01-23 08:46:27,2017-02-22 08:46:27,"Require County of San Bernardino to Approve/Pay for Medical Care for Survivors of the December 2, 2015, Terrorist Attack","Civil Rights & Equality, Government & Regulatory Reform, Health Care",Take or explain a position on an issue or policy,1427,"The County of San Bernardino has delayed/denied medical treatment, physical therapy, antibiotics, medications, and mental health care to survivors of the Dec. 2, 2015, terrorist attack. Because injuries are work-related, private insurance refuses to cover treatment and survivors are required to go through the Countyxs self-administered workers comp, and utilization review (UR). The State of California stated that treatments can be approved by the County instead of UR. But the County insists on using UR and continues to delay/deny care. See www.sbsurvivors.comWe request the President to issue an executive order making it illegal for the County of San Bernardino to use UR for survivors AND mandating the County to approve, retroactively and in the future, ALL treatment for Dec. 2 survivors.",https://petitions.whitehouse.gov/petition/require-county-san-bernardino-approvepay-medical-care-survivors-december-2-2015-terrorist-attack
44,2436201,2017-01-20 13:20:35,2017-02-19 13:20:35,STOP ALL PTC CREDITS AND BAN ALL WIND FARMS IMMEDIATELY,Energy & Environment,Propose a new Administration policy,372,IT IS DESTROYING OUR LIVES THE NOISE THE KILLING OF WILDLIFE AND TAKING AWAY OUR NORMAL WAY OF LIVING,https://petitions.whitehouse.gov/petition/stop-all-ptc-credits-and-ban-all-wind-farms-immediately
45,2453771,2017-01-23 10:13:14,2017-02-22 10:13:14,Donald Trump: Rescind the Global Gag Rule,"Budget & Taxes, Foreign Policy, Health Care",Change an existing Administration policy,340,"When instated in the past, the Global Gag Rule ended the lives of 3,000 women a year in Nigeria alone.Family Planning clinics across the world will be forced to shut down and stop providing valuable services that prevent pregnancy, prevent other diseases, and save lives if they dare to talk about safe abortion. More people around the world will die as a result of unsafe abortion if this rule remains instated.",https://petitions.whitehouse.gov/petition/donald-trump-rescind-global-gag-rule
46,2438261,2017-01-20 16:44:07,2017-02-19 16:44:07,"Petition To Reverse or Abolish the FDA's ""Deeming"" Regulation Pertaining to Cigar and Pipe Tobacco Related Products","Economy & Jobs, Government & Regulatory Reform",Take or explain a position on an issue or policy,1258,"This petition asks the White House to review the recent FDA &quot;Deeming&quot; regulation that effectively threatens to restrict adult indulgence in cigar and pipe tobacco and related products. The FDA regulation both restricts and obstructs the free choice and action of adults as well as threatens the viability and continuance of small businesses, manufacturers, and retailers of traditional tobacco products with serious consequences to thousands of related jobs.As American adults, we have made the choice to enjoy tobacco products.  Whether we choose to buy a cigar, pipe tobacco, or an e-cigarette, our collective choice has allowed us to patronize and support local businesses.",https://petitions.whitehouse.gov/petition/petition-reverse-or-abolish-fdas-deeming-regulation-pertaining-cigar-and-pipe-tobacco-related-products
47,2456991,2017-01-23 22:20:43,2017-02-22 22:20:43,Req. Agriculture to Publish Final Rule -- Horse Protection; Licensing of Designated Qualified Persons &amp; Other Amendments,Government & Regulatory Reform,Take or explain a position on an issue or policy,1381,On January 13th USDA / APHIS notified the public of their intent to publish this widely-supported final rule to halt the inhumane treatment of Racking and Tennessee Walking Horses. The rule was withdrawn as a result of an Executive Order directing a temporary halt to all regulatory development pending review and approval by the new Administration. We the People urge the incoming Secretary of Agriculture to expeditiously review and approve this final rule for publication in the Federal Register. Thank you in advance for ensuring the protection of our horses and the preservation of the original purpose of these American heritage breeds.,https://petitions.whitehouse.gov/petition/req-agriculture-publish-final-rule-horse-protection-licensing-designated-qualified-persons-other-amendments
48,2453641,2017-01-23 09:46:30,2017-02-22 09:46:30,Charge singer Madonna with a Class E felony under 18 U.S. Code § 871 for threatening the life of  President Trump,"Civil Rights & Equality, Criminal Justice Reform, Homeland Security & Defense",Take or explain a position on an issue or policy,3496,"On Saturday, 21 January 2017, singer Madonna aka Madonna Louise Ciccone, took to the stage at the Women's protest march in Washington D.C. and stated that she has ""thought an awful lot about blowing up the White House."" These comments are in violation of U.S. Code Title 18, § 871, were deliberate, globally distributed via online and broadcast media, and pose an immediate and enduring threat to the President of the United States. The trend of celebrities and cultural elites to function under a double standard of rule of law must stop. These actions cannot be excused simply because of a person's status within pop-culture. Accountability to U.S. rule of law must be restored, regardless of economic or cultural privilege. We are advocating this on behalf of The American Brand, 501c4.",https://petitions.whitehouse.gov/petition/charge-singer-madonna-class-e-felony-under-18-us-code-ss-871-threatening-life-president-trump
49,2448456,2017-01-22 11:03:30,2017-02-21 11:03:30,"Reform Child Welfare-Foster Care and Family Courts
STOP Title IV D &amp; E Funding and Adoption Incentives","Civil Rights & Equality, Government & Regulatory Reform",Take or explain a position on an issue or policy,684,"Children are being taken from good homes and placed in the overloaded foster care system without justification, court orders or warrants.  The agencies have complete power to keep children for 15 months and then adopt them out for incentives.  Parents are forced to do service plans, classes, and tests that often don't relate to their case.  Title IV D and E funding has allowed government agencies to create a kids for cash scam that is destroying children and families across the United States.  These agencies have no oversight.  Caseworkers make false allegations because they have immunity and are encouraged to lie to get more children in the system.  The children are then drugged and often placed in abusive homes where death has occurred.  Funding should go to keeping families together.",https://petitions.whitehouse.gov/petition/reform-child-welfare-foster-care-and-family-courts-stop-title-iv-d-e-funding-and-adoption-incentives
50,2451411,2017-01-22 21:11:24,2017-02-21 21:11:24,Commit to following the Paris Agreement,Energy & Environment,Change an existing Administration policy,385,"Human-caused climate change is one of the biggest issues facing the world today. The Paris Agreement was one of the biggest advances in global climate policy ever completed. As both a global policy leader and as one of the biggest contributors to global climate change, it is of world-wide importance that the United States lead through action and continue to uphold the Paris Agreement as went into effect in 2016. Donald Trump has advocated that the United States withdraw from the Paris Agreement. Doing so would undermine the agreement, putting American interests at home and abroad at risk. Doing so would also undermine the United State's position as a global leader. This petition requests that Donald Trump change his policy and recommit to the Paris Agreement.",https://petitions.whitehouse.gov/petition/commit-following-paris-agreement-0
51,2454556,2017-01-23 12:44:04,2017-02-22 12:44:04,Open a new investigation into the events of 911 and incorporate the forensic evidence offered by ae911truth.org.,"Criminal Justice Reform, Homeland Security & Defense, Veterans & Military",Call on Congress to act on an issue,946,"This petition being accepted by the Trump administration is a necessary component to draining the swamp and establishing an honest and ethical government and press. The people who are responsible for the events of 911 did not perish in the plane crashes. Quite the contrary, they are still alive and many of them occupy positions of extreme power and influence right here in the US. Their collective power and ability to influence the main stream media (aka fake news) has created a situation whereby only the official 911 narrative is presented in the msm although many inconsistencies and omissions of truth and fact exist. There are many independent investigators that have spent countless hours researching this subject and it is time that they are heard. Please join us in this petition.",https://petitions.whitehouse.gov/petition/open-new-investigation-events-911-and-incorporate-forensic-evidence-offered-ae911truthorg
52,2448266,2017-01-22 10:25:19,2017-02-21 10:25:19,"Kids need BOTH Parents,  modify the child support provisions of Social Security Act to support this.","Budget & Taxes, Civil Rights & Equality, Government & Regulatory Reform",Take or explain a position on an issue or policy,314,"As currently written Title IVd of SSA provides financial incentives to the states to remove a parent from their child by labeling them a non (custodial) parent.  It does NOT provide any incentive for parents to get, or stay, married and outside of married for a shared parenting arrangement.  Nor is there any incentive for access enforcement for a parent denied access to their child.  Studies have shown couples with shared parenting pay child support on time and in full in over 90% of cases and children fare better emotionally with the active involvement of both parents.  State child support agencies are calling on policy makers to recognize shared parenting arrangements as that has become the norm in 2017.  Currently the system works to the detriment of children and families.",https://petitions.whitehouse.gov/petition/kids-need-both-parents-modify-child-support-provisions-social-security-act-support
53,2438791,2017-01-20 17:56:54,2017-02-19 17:56:54,"Reinstate ""Advancing LGBT Workplace Rights"" report that was taken down from DOL website on Inauguration Day.",Civil Rights & Equality,Change an existing Administration policy,239,"Within minutes of the inauguration, the Trump Administration removed all mention of LGBT  people and issues from the White House website, as well as removing this important report on lgbt workplace rights from the Department of Labor's website.  Put it back!  Do not make LGBT people invisible!",https://petitions.whitehouse.gov/petition/reinstate-advancing-lgbt-workplace-rights-report-was-taken-down-dol-website-inauguration-day
54,2444021,2017-01-21 14:32:25,2017-02-20 14:32:25,Replace your nomination of Education Secretary-Nominee Betsy DeVos with a more qualified individual.,"Economy & Jobs, Education",Change an existing Administration policy,354,"Given the important social and economic role that public education plays in the growth and improvement of any successful society, the individual that leads the U.S. Department of Education should have a strong experience and background in public education.  Education Secretary-Nominee Betsy Devos has shown during her Senate confirmation hearing that she lacks the experience, background, and knowledge regarding public education, that would be invaluable for the position that President Trump has nominated her for.  Also, she has shown a definite preference towards diverting funding from the needs of public schools to support charter and private schools.   She has been a major advocate for the public funding of poor performing private/charter schools in Michigan.",https://petitions.whitehouse.gov/petition/replace-your-nomination-education-secretary-nominee-betsy-devos-more-qualified-individual
55,2452881,2017-01-23 07:31:44,2017-02-22 07:31:44,Free Raven 23,"Criminal Justice Reform, Foreign Policy, Veterans & Military",Call on Congress to act on an issue,198,"Free the Men of Raven 23 Paul Slough, Dustin Heard, Nick Slatten and Evan Liberty set out with 15 of their Blackwater teammates as part of Tactical Support Team Raven 23, to secure a busy square in Baghdad's Red Zone. Blackwater, under contract with the U.S. Department of State, was responsible (among other things) for diplomatic security in the country of Iraq.Raven 23 was responding to a distress call from another team which had been attacked on venue. In the distance, they could see the large plume of black smoke where a VBIED (vehicle-born improvised explosive device) had been detonated. They were to secure a route of egress through Nisour Square, which was a task they had completed numerous times previously; a seemingly straightforward task.",https://petitions.whitehouse.gov/petition/free-raven-23
56,2455281,2017-01-23 15:25:31,2017-02-22 15:25:31,Maintain the stay to reroute the Dakota Access Pipeline. Protect the water supply of the Standing Rock Sioux Reservation,"Civil Rights & Equality, Energy & Environment, Government & Regulatory Reform",Change an existing Administration policy,640,"The US governing representatives and President have a responsibility to the constituents and historical contracts of this country first and foremost.  Humanity then security then stability then revenue.  Special interests do not take precedence over the well being of human beings, especially those limited by the Reservation agreements of an historical America.  The Sioux cannot construct alternate access to water outside of their reservation.  The natural watershed has a permanent precedent of necessity.  We aren't debating a simple ""what's yours and what's mine"". We are interrupting access to a basic human necessity. We either reroute the pipeline or provide a viable water supply with longevity. But DO NOT ignore what America and the Veterans have previously sacrificed for this cause!",https://petitions.whitehouse.gov/petition/maintain-stay-reroute-dakota-access-pipeline-protect-water-supply-standing-rock-sioux-reservation
57,2455416,2017-01-23 16:04:20,2017-02-22 16:04:20,Get Melania Trump to film the intro for h3h3productions.,Technology & Innovation,Take or explain a position on an issue or policy,215,"H3h3productions on youtube has been blessed with Michelle Obama filming a video saying &quot;Wow, Ethan! Great moves, keep it up, proud of you!&quot;. This Clip has been used as h3h3productions intro ever since. Now in 2017 with a new president and new first lady we the fans of h3h3productions feel that Melania Trump needs to reanact this clip and create a new intro for h3h3productions. Please make this dream a reality, it is necessary for the culture and for the lives of the citizens of the United States and throughout the world. Take a look at the clip here... https://youtu.be/APxndget9l4",https://petitions.whitehouse.gov/petition/get-melania-trump-film-intro-h3h3productions
58,2456341,2017-01-23 19:23:15,2017-02-22 19:23:15,Release and pardon our political prisoners,"Civil Rights & Equality, Criminal Justice Reform, Homeland Security & Defense",Take or explain a position on an issue or policy,1428,"Multiple individuals were categorized as terrorists under the Obama administration, for being patriots of our country and standing up to a tyrant.The Hammond family, the Bundy family and a multitude of patriots at the Bundy ranch and the refuge have been arrested and face many decades in prison for excersising their constitutional rights And standing up to tyranny and an out of control government agency. These individuals should be released and pardoned for their heroism and patriotism.The family of Lavoy should be given aid, as it was the Obama administration who murdered an innocent American citizen on American soil.To include in this petition a pardon should be given to assange and snowden. As they spoke the truth to the public and blew the whistle on major wrong doings.",https://petitions.whitehouse.gov/petition/release-and-pardon-our-political-prisoners
59,2457986,2017-01-24 08:09:13,2017-02-23 08:09:13,Petition to Formally Recognize Black Lives Matter as a Terrorist Organization,"Civil Rights & Equality, Homeland Security & Defense",Take or explain a position on an issue or policy,2392,"Terrorism is defined as xthe use of violence/intimidation in pursuit of political aims.x This is the same definition used to declare ISIL and other terror groups, as terrorist organizations. Black Lives Matter has earned this title due to its violent actions in multiple cities and their influence in the killings of multiple police officers throughout the United States. This group has already been described as a hate group because of it's racist and police hating actions by Milwaukee Sheriff David Clarke, a speaker at last year's RNC. It is time for the the U.S. Department of State to be consistent in its actions x and just as they rightfully declared ISIL a terror group, they must declare Black Lives Matter a terror group x on the grounds of principle, integrity, morality, and safety.",https://petitions.whitehouse.gov/petition/petition-formally-recognize-black-lives-matter-terrorist-organization
60,2457211,2017-01-24 02:40:03,2017-02-23 02:40:03,"Make Money Great Again - An Executive Order for Equal Treatment of Gold, Silver and United States Dollars as Money","Budget & Taxes, Economy & Jobs, Government & Regulatory Reform",Propose a new Administration policy,885,"We The People request the new administration Make Money Great Again; that gold and silver may freely be used as money alongside United States dollars.The Constitution explicitly recognizes gold and silver as money. We therefore petition that: - All tax discrimination against gold and silver must cease, including the removal of all capital gains tax on holdings of, and transactions in gold and silver, and; - That all impediments to using gold and silver as constitutionally-recognized money be removed.We Petition the Administration to sign this Executive Order to Make Money Great Again: - http://bit.ly/EO_MMGAFor more information, please visit https://www.mmga.org.",https://petitions.whitehouse.gov/petition/make-money-great-again-executive-order-equal-treatment-gold-silver-and-united-states-dollars-money-0
61,2459511,2017-01-24 12:28:41,2017-02-23 12:28:41,Release Voter Fraud Data and Investigate,"Civil Rights & Equality, Government & Regulatory Reform, Immigration",Take or explain a position on an issue or policy,867,We ask that the White House release any information it has to substantiate the claim that millions of people voted illegally in the 2016 election and call for an investigation into these allegations should their claims be corroborated with verifiable evidence or apologize and retract their claim should it not be corroborated. This petition is important because the integrity of the President of the United States of America and the integrity of our democracy are integral to the functioning of our nation.,https://petitions.whitehouse.gov/petition/release-voter-fraud-data-and-investigate
62,2460681,2017-01-24 15:06:09,2017-02-23 15:06:09,"Based on Donald Trump's Own Claims of Rampant Voter Fraud, Immediately Nullify Results of the 2016 Presidential Election","Civil Rights & Equality, Economy & Jobs, Government & Regulatory Reform",Take or explain a position on an issue or policy,8451,"Considering the 2016 election came down to around 100k votes spread out through the three states of Michigan, Pennsylvania and Wisconsin, it's time we take Donald Trump's claim that ""millions of people voted illegally"" far more seriously. If true, that would mean the results of the 2016 election are, unquestionably, tainted -- if not outright invalid. I'm calling for the results of the 2016 presidential election to be immediately nullified, a full investigation ordered by Congress, and a new election to be scheduled where ""rampant voter fraud"" will not be allowed. If Donald Trump's claims are true, as he's repeatedly said they are, he might very well not be our legitimate president. Americans shouldn't have a president who might have only ""won"" due to ""millions of illegal votes.""",https://petitions.whitehouse.gov/petition/based-donald-trumps-own-claims-rampant-voter-fraud-immediately-nullify-results-2016-presidential-election
63,2459571,2017-01-24 12:34:00,2017-02-23 12:34:00,"Kerry O'Grady, the special agent in charge of the Secret Service's Denver district Must Be Removed from her post!",Homeland Security & Defense,Take or explain a position on an issue or policy,529,"Kerry O'Grady, the special agent in charge of the Secret Service's Denver district Must be removed from her post effective Immediately.She has violated the Hatch Act by supporting a political party/candidate openly on Social Media.She has stated that she will not take a bullet for Trump, making it clear that should the President be in harms way during her duty shift, that she would rather go to prison than protect the POTUS.THIS TYPE OF BEHAVIOR FROM A SECRET SERVICE AGENT CAN NOT STAND IN OUR REPUBLIC!Here is the article for anyone who wants to read the details.http://www.washingtonexaminer.com/senior-secret-service-agent-suggests-she-wouldnt-take-a-bullet-for-trump/article/2612814",https://petitions.whitehouse.gov/petition/kerry-ogrady-special-agent-charge-secret-services-denver-district-must-be-removed-her-post
64,2453166,2017-01-23 08:15:40,2017-02-22 08:15:40,Convert all Federal Police Officers Classified as GS-0083 to LEO status,"Government & Regulatory Reform, Homeland Security & Defense, Veterans & Military",Change an existing Administration policy,3655,"This petition would support the conversion of all Police Officers classified as 0083 to be eligible for 6C retirement.  The previous administration and the previous congress introduced legislation but it never made it out of committee.  Air traffic controllers and BOP prison employees such as cooks have received LEO status but their duties are not law enforcement.  OPM will not amend the definition of Law Enforcement Officer to include 0083 Police Officers.  Congress and the previous administration refused to act on bills introduced in both house of congress.  Therefore, I strongly urge President  Trump to consider this petition because it is a matter of national security.   Granting these Police Officers the LEO status will save taxpayers money.",https://petitions.whitehouse.gov/petition/convert-all-federal-police-officers-classified-gs-0083-leo-status
65,2435351,2017-01-20 12:04:31,2017-02-19 12:04:31,Climate change is an undisputed fact within the scientific community and neglecting it imperils American prosperity.,"Economy & Jobs, Energy & Environment, Technology & Innovation",Take or explain a position on an issue or policy,302,"The new administration must consider climate change a serious threat and implement policies that address it. Taking action benefits American workers, strengthens our economy, and improves our standing in the world. Today, the US is a global leader in clean energy and there is great potential to become even stronger: we already employ more than 2.5 million people in renewable energy and energy efficiency. Renewable energy is one of the fastest growing industries in the world, worth $300bn per year. With the right policies, it will continue growing, creating secure, high-paying jobs for millions of Americans. We the people urge the administration to work with the scientific community, business leaders, and our international partners to transform our energy systems and address climate change.",https://petitions.whitehouse.gov/petition/climate-change-undisputed-fact-within-scientific-community-and-neglecting-it-imperils-american-prosperity
66,2461851,2017-01-24 18:17:00,2017-02-23 18:17:00,Ungag the Environmental Protection Agency.,"Civil Rights & Equality, Energy & Environment, Government & Regulatory Reform",Change an existing Administration policy,11675,The EPA provides a robust list of protections to the American people.  The recent executive order restricting the EPA from engaging with the public through social media violates the standards of a fair and open government. Please reverse the executive actions placed on the EPA.,https://petitions.whitehouse.gov/petition/ungag-environmental-protection-agency
67,2461891,2017-01-24 18:27:02,2017-02-23 18:27:02,"Do not halt refugee resettlement, lower the number we resettle, or stop resettlement based on religion/country of origin","Foreign Policy, Homeland Security & Defense, Immigration",Change an existing Administration policy,10534,"Stopping refugee resettlement, for any period of time for any group of people, would undermine our nationxs founding principles of being a beacon of freedom and hope. This is a program that saves hundreds of lives every day, and strengthens our communities and our nation. Stopping refugee resettlement will have profound and detrimental consequences. Lives will be lost and our national interests will be at risk. The United States can x and must x continue to welcome refugees while continuing to ensure our own security. Our history has proven you donxt need to make a choice, and we should continue to do both. We urge President Trump to not stop refugee resettlement for any period of time, lower the amount of refugees we resettle, or stop resettlement based on religion or country of origin.",https://petitions.whitehouse.gov/petition/do-not-halt-refugee-resettlement-lower-number-we-resettle-or-stop-resettlement-based-religioncountry-origin
68,2458686,2017-01-24 10:25:23,2017-02-23 10:25:23,Deschedule Marijuana,"Civil Rights & Equality, Government & Regulatory Reform",Change an existing Administration policy,410,"It's time to take back control from criminals! With more than half the country is in favor of legalizing cannabis it is clear that it is time to re-think the ineffective 'War on Drugs'!So why should we legalize?Regulation: Product testing will ensure that consumers are better informed and more importantly safer!Jobs:Legalization will create jobs in a formal economy rather than a black market.Economy:Law enforcement can focus more on public safety and a new source of tax revenue will become available.Reduce Unneeded Harm:Criminalization harms young people, fails to curb access and increases levels of violence.On a  State level, decriminalization has been a massive success! It's time to rethink!",https://petitions.whitehouse.gov/petition/deschedule-marijuana
69,2461151,2017-01-24 16:27:18,2017-02-23 16:27:18,Congress subpoena Dr. William Thompson - investigate the CDC and repeal the 1986 National Childhood Vaccine Injury Act.,"Government & Regulatory Reform, Health Care",Take or explain a position on an issue or policy,1961,"Conflicts of interest have become more the rule than the occasional exception. In 2015, Dr. William Thompson, a research scientist at the CDC's National Center for Immunizations and Respiratory Diseases (NCIR), claimed the CDC covered up a vaccine-autism connection in relation to the MMR vaccine. The study discovered that African-American boys who received the vaccine before the age of 36 months had an increased risk for autism. Itxs important to be aware of corruption and conflicts of interest at federal agencies like the CDC. Far from the independent public watchdog theyxre supposed to be, the CDC is closely tied to industry and may protect their interests over those of the general public.",https://petitions.whitehouse.gov/petition/congress-subpoena-dr-william-thompson-investigate-cdc-and-repeal-1986-national-childhood-vaccine-injury-act
70,2454001,2017-01-23 11:03:04,2017-02-22 11:03:04,Revoke the order forbidding health providers receiving US aid from discussing/performing legal abortion with patients,"Civil Rights & Equality, Foreign Policy, Health Care",Change an existing Administration policy,289,"This Reagan-Era policy flies in the face of women's rights to take control of their own health. Many countries receive U.S. aid where legal, vital and often LIFESAVING medical procedures are performed and discussed by licensed health care providers with their patients. A women's right to make decisions about her own body should NOT be dependent on her country of birth/residence or her economic situation. Women's rights are human rights. From the NYTimes: ""health policy experts say restrictions on abortion services in the past have not led to a decline in abortion rates in countries that receive funding from the United States for reproductive health services, and they warn that those restrictions only heighten the chances of illegal, often unsafe, abortions.""",https://petitions.whitehouse.gov/petition/revoke-order-forbidding-health-providers-receiving-us-aid-discussingperforming-legal-abortion-patients
71,2438476,2017-01-20 17:08:24,2017-02-19 17:08:24,Protect the Planet - honor the Paris Climate Agreement!,Energy & Environment,Call on Congress to act on an issue,346,"2015 was historic for the planet and the survival of mankind. 195 nations, including The United States of America, agree that swift and significant action must be taken to protect Earth from catastrophes caused by climate change.  We can forge a path for a sustainable future through shared commitments toward greenhouse gas reductions, clean energy implementation and financial resources for adaptation.  It is our responsibility and opportunity as Americans to honor this agreement. We can contribute our talent, innovation, creativity, wealth and compassion.  The cost of inaction is too great and the risks too high.",https://petitions.whitehouse.gov/petition/protect-planet-honor-paris-climate-agreement
72,2457216,2017-01-24 02:54:54,2017-02-23 02:54:54,"America first, make Netherlands second because they requested it!",Foreign Policy,Propose a new Administration policy,66816,"The Netherlands has requested, within the scope of the new America first initiatives, to be simply: second. They don't want us to forget about them. So the White House should give them a call. 2nd place is open, and they asked nicely before anyone else. We'll make them great too. We can do it.https://youtu.be/j-xxis7hDOE?t=39s",https://petitions.whitehouse.gov/petition/america-first-make-netherlands-second-because-they-requested-it
73,2463391,2017-01-24 22:59:25,2017-02-23 22:59:25,Protect the United States Refugee Admissions Program,"Civil Rights & Equality, Homeland Security & Defense, Immigration",Take or explain a position on an issue or policy,782,"A country built on the foundation of immigration must continue to be a strong example of a nation that welcomes persecuted and vulnerable refugees from around our world.  We embrace refugees and provide them a chance at a new beginning. This is what has always made America great. We as a nation do not submit to fear and hate, and we do not persecute based on religion, sexual orientation, nationality, race or political opinion. We instead welcome those who have endured such persecution. Sign this to tell President Trump and our lawmakers to act as a beacon of freedom and hope, and not turn off the torch that lady Liberty has always held so high. Most of us wouldn't be here without her.",https://petitions.whitehouse.gov/petition/protect-united-states-refugee-admissions-program
74,2458286,2017-01-24 09:16:30,2017-02-23 09:16:30,Allow Americans to own a piece of history. Undo Executive Order 13637,"Civil Rights & Equality, Education, Government & Regulatory Reform",Change an existing Administration policy,1491,"EO 13637 blocks the return of WWII era semi-automatic firearms (i.e. M1-Garand, M1-Carbine) from overseas. These highly collectible pieces of American history rightly belong in the hands of American citizens. In the past, these firearms were sold through the CMP but the available stock is dwindling fast. Large stores of these firearms are located oversees but cannot be returned to the USA because of EO 13637.  The people of the United States should be allowed to own these historical firearms, they should not be allowed to rot in a warehouse in another country. We ask that President Trump immediately issue an Executive Order removing the ban implemented through EO 13637.",https://petitions.whitehouse.gov/petition/allow-americans-own-piece-history-undo-executive-order-13637
75,2462811,2017-01-24 20:31:46,2017-02-23 20:31:46,Investigate President Donald Trump's unsubstantiated claims of massive illegal voting in the United States of America.,"Civil Rights & Equality, Government & Regulatory Reform, Homeland Security & Defense",Call on Congress to act on an issue,236,"President Donald Trump has continually said that millions of the votes cast against him were made illegally, causing him to lose the popular vote. He has not offered credible proof of this. If true, it is an issue that all Americans should agree is a threat to our democracy. If false, the leader of our democracy should not be undermining it with lies. For both reasons, we need to know the truth. This petition asks The White House to direct Congress to undertake a bipartisan review. Alternatively, President Trump should declare that the popular vote as recorded was valid and did not involve millions of illegal votes.",https://petitions.whitehouse.gov/petition/investigate-president-donald-trumps-unsubstantiated-claims-massive-illegal-voting-united-states-america-0
76,2464006,2017-01-25 05:33:58,2017-02-24 05:33:58,President Donald Trump must order FBI Director Jim Comey to open an investigation on the death of DNC staffer Seth Rich,"Civil Rights & Equality, Criminal Justice Reform, Gun Violence",Take or explain a position on an issue or policy,915,"Former DNC staffer Seth Rich was murdered outside of his DC home not long after WikiLeaks began to release the emails of the Democratic National Committee. In the verified emails released by WikiLeaks, there was talk about ""making an example"" of a suspected whistleblower inside of the DNC. After the death of Seth Rich, WikiLeaks has offered a $25,000 bounty for information on the murderer of Seth Rich. A separate organization recently upped the bounty to $130,000 which was relayed by WikiLeaks. There is more to the story that Seth Rich was only the victim of a robbery. Seth's belongings were not taken from his person, but DC Police swept the story under the rug as a robbery. This investigation needs to be reopened by the honorable FBI until justice is brought. His killer is not yet found.",https://petitions.whitehouse.gov/petition/president-donald-trump-must-order-fbi-director-jim-comey-open-investigation-death-dnc-staffer-seth-rich
77,2464301,2017-01-25 06:51:40,2017-02-24 06:51:40,Make the U.S. the World's Leader in Combating Climate Change,"Economy & Jobs, Energy & Environment, Homeland Security & Defense",Change an existing Administration policy,834,"Climate change is not an environmental issue. Itxs a national security, economic, public health, and equity issue. Climate change is the defining issue of our time. As such, we, the people of the United States, call on the President to: 1.	Reinstate the Presidentxs Climate Action Plan and double down on your commitment to ensuring the U.S. is the leader in combating climate change.2.	Allow the EPA to do their job and protect the waters, air, and people of the United States. This includes allowing them to regulate greenhouse gas emissions. 3.	Use climate change as a lens when making decisions for our country. Donxt pit economic development against environmental protection x that is a false dichotomy. The health, safety, and general welfare of all Americans, are at stake!",https://petitions.whitehouse.gov/petition/make-us-worlds-leader-combating-climate-change
78,2454551,2017-01-23 12:41:48,2017-02-22 12:41:48,Do Not Cut Federal Funds for Preventing Domestic Violence,"Civil Rights & Equality, Criminal Justice Reform, Health Care",Take or explain a position on an issue or policy,242,"Recent reports suggest that President Donald Trump plans to cut funding to the Office on Violence Against Women. The OVAW's grant programs provide funds for preventing domestic violence, sexual assault, dating violence, stalking, and elder abuse. These grants support victims by offering legal aid, transitional housing assistance, and training to help our civil and criminal justice systems better respond to sexual and domestic violence. The grants also supply funds for protecting child victims, tribal residents, and women who live in rural communities. Without these grants, millions of victims will be left without the support they desperately need. We hereby ask President Trump not to cut federal funding to the Office on Violence Against Women or its grant programs.",https://petitions.whitehouse.gov/petition/do-not-cut-federal-funds-preventing-domestic-violence
79,2459021,2017-01-24 11:20:53,2017-02-23 11:20:53,STOP the Keystone XL and Dakota Access oil pipelines!,Energy & Environment,Call on Congress to act on an issue,306,"President Donald Trump has signed executive actions to advance approval of the Keystone XL and Dakota Access oil pipelines. The decision to advance the pipelines cast aside efforts by President Barack Obama's administration to block construction of the two pipelines.""President Trump is legally required to honor our treaty rights and provide a fair and reasonable pipeline process,"" said Standing Rock Sioux Tribe chairman Dave Archambault II in a statement. ""Americans know this pipeline was unfairly rerouted towards our nation and without our consent. The existing pipeline route risks infringing on our treaty rights, contaminating our water and the water of 17 million Americans downstream.""Corporate interests should not be put ahead of American interests.",https://petitions.whitehouse.gov/petition/stop-keystone-xl-and-dakota-access-oil-pipelines
80,2461286,2017-01-24 16:40:37,2017-02-23 16:40:37,Stop the construction of the Dakota Access Pipeline and ensure that the rights of Native Americans are protected,"Civil Rights & Equality, Energy & Environment",Change an existing Administration policy,328,"President Donald Trump promised to protect ""all Americans"" in his inaugural speech, which includes the Standing Rock Sioux tribe. They have been threatened and viciously attacked during peaceful protests throughout the year of 2016.Many water protectors were locked in dog crates, sprayed with water cannons during freezing weather, and have been subject to other egregious crimes. One of the few brave journalists reporting on these acts was arrested for criminal trespassing.The pipeline would run through unceded native land, and constructing it is a violation of treaties signed by the United States. That land is the property of the Standing Rock Sioux, and that is indisputable unless our President is willing to prioritize the profits of big oil companies over the rights of all Americans.",https://petitions.whitehouse.gov/petition/stop-construction-dakota-access-pipeline-and-ensure-rights-native-americans-are-protected
81,2461511,2017-01-24 17:21:20,2017-02-23 17:21:20,"Keep the US open to refugees from Syria, Iraq, Yemen, Somalia, Iran and Libya","Foreign Policy, Immigration, Veterans & Military",Change an existing Administration policy,241,"Do not deny refuge to people fleeing Syria, Iraq, Yemen, Somalia, Iran and Libya.  Denying refuge to people fleeing violence is a violation of fundamental American values. Denying refuge to people who have risked their lives to help the US military, as many people now seeking to escape some of these countries have done, is a betrayal of those who have sacrificed to protect America.  Such bans do not keep us safe. We already have an exhaustive vetting process, and most domestic terrorism is carried out by right-wing extremists born in this country.You have said that you will listen to the American people. Listen to this. You have been invoked as a champion of Christianity. Do not violate the commandment to care for the least of these.",https://petitions.whitehouse.gov/petition/keep-us-open-refugees-syria-iraq-yemen-somalia-iran-and-libya
82,2434941,2017-01-20 11:00:11,2017-02-19 11:00:11,Allow Adoptees Access to their Original Birth Certificates,"Civil Rights & Equality, Government & Regulatory Reform, Health Care",Call on Congress to act on an issue,267,"Every child born in this country and every American citizen has a right to their medical history and any documentation that the government maintains in their own name.  These basic human rights are denied to adopted children.  While many states are allowing some adoptees access to their original birth certificates under special circumstances, many laws exist allowing for the adopted person's information to be redacted.  There is no reason for this discrimination.  Please allow adoptees to request and obtain their original birth certificates in full as all other Americans have access to do the same.",https://petitions.whitehouse.gov/petition/allow-adoptees-access-their-original-birth-certificates
83,2467066,2017-01-25 14:50:02,2017-02-24 14:50:02,AMNESTY TO CUBANS STUCK IN TRANSIT THAT LEFT CUBAN PRIOR TO JANUARY 12TH AND ARE IN LIMBO IN MEXICO,"Civil Rights & Equality, Foreign Policy, Immigration",Call on Congress to act on an issue,17403,"We are asking that while we are aware that things cannot continue ""status quo""  we can't turn our backs on the safety of the Cubans in Nuevo Laredo.  We request that the Senators and President Trump enact an order that will provide amnesty to Cubans who have a passport stamped leaving Cuba prior to January 12 and are in transit to USA.  Cubans under this amnesty will be processed through all the legal immigration laws that are required in the USA.  This will also send a message that if you are thinking about starting the trip we have a process that you have to do that it is no longer ""status quo"".  Please assist us in any way possible please.  As of 01/25/2017 the number at Nuevo Laredo Mexico waitin to cross is at 900.",https://petitions.whitehouse.gov/petition/amnesty-cubans-stuck-transit-left-cuban-prior-january-12th-and-are-limbo-mexico
84,2441186,2017-01-21 04:25:43,2017-02-20 04:25:43,Establish a panel of scientists to advise the President on issues related to climate change.,Energy & Environment,Change an existing Administration policy,246,"The potential dangers of man-made climate change are too serious to ignore. Although those of us over the age of 60 are unlikely to suffer any serious effects, the possible effects on our children and our children's children are  severe.We call on the government to establish a blue-ribbon panel composed of members of the National Academy of Sciences to advise the President and senior administration officials on issues related to climate change. These include the  likely effects of climate change if no effort is made to mitigate it and the costs and benefits of different approaches to mitigation.",https://petitions.whitehouse.gov/petition/establish-panel-scientists-advise-president-issues-related-climate-change
85,2460911,2017-01-24 15:44:13,2017-02-23 15:44:13,Remove the gag order on Federal Agency public interfacing and allow the agencies to communicate freely with the public.,"Energy & Environment, Government & Regulatory Reform",Change an existing Administration policy,227,"The administration recently placed gag orders on the Park Service, EPA, and USDA. Sign this petition to ask the administration to remove these gag orders.",https://petitions.whitehouse.gov/petition/remove-gag-order-federal-agency-public-interfacing-and-allow-agencies-communicate-freely-public
86,2468051,2017-01-25 19:10:42,2017-02-24 19:10:42,Repeal the new 2016-2017 unconstitutional gun bans in California and restore the people's 2A rights.,"Civil Rights & Equality, Criminal Justice Reform, Government & Regulatory Reform",Call on Congress to act on an issue,7640,The law abiding citizens of California are being systematically stripped of their second amendment rights by The Democratic majority pushing their agenda to rid the state of guns in a way that is biased and one-sided.,https://petitions.whitehouse.gov/petition/repeal-new-2016-2017-unconstitutional-gun-bans-california-and-restore-peoples-2a-rights
87,2463031,2017-01-24 21:22:17,2017-02-23 21:22:17,Repeal Executive Orders Reviving Construction on Dakota Access and Keystone XL Pipelines,"Economy & Jobs, Energy & Environment, Transportation & Infrastructure",Change an existing Administration policy,260,"President Trump has signed into law the Revival of construction on the Dakota Access Pipeline and Keystone Pipeline. Additional legislation expedites the environmental permitting process for infrastructure projects related to the pipelines. We the people believe the actions reviving the pipelines should be repealed for these reasons:1. Our national energy dependency on fossil fuels contributes to climate change and is unsustainable for future generations. 2. The construction of the DAPL pipeline trespasses on the sovereign land of the Standing Rock Sioux Reservation.3. The $100,000 fundraising effort by Kelcy Warren, Energy Transfer Partners CEO,  to the Republican Party on behalf of President Trump's campaign in 2016 is a conflict of interest.",https://petitions.whitehouse.gov/petition/repeal-executive-orders-reviving-construction-dakota-access-and-keystone-xl-pipelines
88,2467956,2017-01-25 18:34:46,2017-02-24 18:34:46,Stop the Dakota Access Pipeline,"Energy & Environment, Health Care, Technology & Innovation",Call on Congress to act on an issue,539,"The Dakota Access Pipeline (also known as the Bakken Oil Pipeline) will contaminate the water supply of thousands. The Pipeline would carry crude oil through farmlands, natural areas, towns, and tribal lands. We ask that construction of the Pipeline be stopped once and for all.",https://petitions.whitehouse.gov/petition/stop-dakota-access-pipeline-2
89,2468821,2017-01-26 01:24:20,2017-02-25 01:24:20,AMNESTY TO CUBANS IN CENTRAL AMERICA WHO LEFT CUBA BEFORE JANUARY 12 2017 WHEN THE WET FOOT DRY FOOT POLICY WAS REPEALED,"Civil Rights & Equality, Homeland Security & Defense, Immigration",Take or explain a position on an issue or policy,598,"We are asking that while we are aware that things cannot continue &quot;status quo&quot; we can't turn our backs on the safety of the Cubans in Central America. We request that the Senators and President Trump enact an order that will provide amnesty to Cubans who have a passport stamped leaving Cuba prior to January 12, 2017 and they were in transit to USA when the &quot;Wet foot, Dry foot&quot; Policy was repealed. Cubans under this amnesty will be processed through all the legal immigration laws that are required in the USA. This will also send a message that if any Cuban citizen are thinking about starting the trip USA have a process that you have to do that it is no longer &quot;status quo&quot;. Please assist Cubans in Central America  who are going through a humanitarian crisis",https://petitions.whitehouse.gov/petition/amnesty-cubans-central-america-who-left-cuba-january-12-2017-when-wet-foot-dry-foot-policy-was-repealed
90,2451521,2017-01-22 21:54:00,2017-02-21 21:54:00,Do not impose a 100% tariff on motorcycles 50 cc to 500 cc as part of the beef trade dispute with Europe.,"Economy & Jobs, Foreign Policy, Transportation & Infrastructure",Take or explain a position on an issue or policy,320,"Motorcycles have nothing to do with beef. There is no reason to include them in the list of 85 proposed  items which consists entirely of food items. Small to medium motorcycles are the lifeblood of motorsports in the United States. Thousands of spectators enjoy Supercross, Motocross and Enduro competitions, not counting the millions who watch on broadcast television and cable, and thousands who enjoy the sport themselves including children. In addition to dirt bikes, this includes smaller street and race bikes, scooters and mopeds. Many new motorcyclists get started on smaller motorcycles. It is a healthy outlet for the energy of our younger generation. This will also put out of business many small dealerships in the United States who sell 50 cc to 500 cc motorcycles imported from Europe.",https://petitions.whitehouse.gov/petition/do-not-impose-100-tariff-motorcycles-50-cc-500-cc-part-beef-trade-dispute-europe
91,2470771,2017-01-26 12:59:53,2017-02-25 12:59:53,California gun laws are UNCONSTITUTIONAL.,"Civil Rights & Equality, Government & Regulatory Reform, Homeland Security & Defense",Call on Congress to act on an issue,2784,"A well regulated Militia, being necessary to the security of a free State, the right of the people to keep and bear Arms, shall not be infringed. Clearly the state of California does NOT know this meaning. We are being infringed upon like no other. California politicians speak blasphemy about a topic they know nothing of and pass laws that only hurt the law abiding citizen. We compromise a little everytime and it seems to not be enough for these tyrants since they clearly DO NOT obey the LAW of the land, the United States Constitution.",https://petitions.whitehouse.gov/petition/california-gun-laws-are-unconstitutional
92,2462201,2017-01-24 19:09:16,2017-02-23 19:09:16,Fulfill you campaign promise to repeal DACA (Deferred Action for Childhood Arrivals),Immigration,Change an existing Administration policy,244,"Throughout the presidential election campaign, then candidate Donald Trump repeatedly promised to, immediately upon taking the oath of office, repeal President Barrack Obama's executive amnesty for illegal immigrants who arrived in the US as children. Now that he is president, we the people call on Mr. Trump to fulfill his promise and make it clear that anyone who comes here illegally has committed a crime for which they will not be rewarded with citizenship.",https://petitions.whitehouse.gov/petition/fulfill-you-campaign-promise-repeal-daca-deferred-action-childhood-arrivals
93,2464656,2017-01-25 07:53:01,2017-02-24 07:53:01,"Repeal the gag bans on the EPA, FDA, USDA, NASA, National Parks Service, and all other public government offices.","Energy & Environment, Government & Regulatory Reform, Health Care",Change an existing Administration policy,258,"Since Trump's inauguration, his administration has placed gag bans and lockdowns on several scientific and environmental agencies such as the EPA, FDA, USDA, the National Parks Service and several other organizations from Cabinet-level on down. This is unacceptable. These organizations all work towards our safety: climate change, environment, medicine, food etc. There is no valid reason for these gag orders but to control the flow of information to the public which funds them. These are purely political moves for political gain since this is the most business-loving administration in US history.  xWhen you tear out a man's tongue, you are not proving him a liar, you're only telling the world that you fear what he might say.x George R.R. Martin, A Clash of Kings",https://petitions.whitehouse.gov/petition/repeal-gag-bans-epa-fda-usda-nasa-national-parks-service-and-all-other-public-government-offices
94,2471761,2017-01-26 17:58:15,2017-02-25 17:58:15,Remove Steve Bannon from the People's White House,Government & Regulatory Reform,Change an existing Administration policy,716,Steve Bannon does not represent the values of the people of this Country and must be removed from his position immediately.,https://petitions.whitehouse.gov/petition/remove-steve-bannon-peoples-white-house
95,2471371,2017-01-26 16:11:21,2017-02-25 16:11:21,Full Disclosure Now! - Reveal and declassify 100 year old classified Tesla Patents for free energy motors.,"Economy & Jobs, Energy & Environment, Innovation: Arts & Technology",Call on Congress to act on an issue,649,"End Americas Oil dependence now! For the past 100 years the economy has been driven by oil. Declassifying Nikola Teslas work will lead to a clean and profitable alternative putting America at the forefront of energy technology. The American people deserve to research Free and Clean Energy to end the hold of Oil Dependence leading to discoveries that do not depend on finite resources. It would change the face of nation into becoming the world leader in innovation and technology propelling us into a new Era. Operation Paperclip has siphoned Trillions if not quadrillions of dollars into secret access defense contract programs. The American People must know the truth about where their missing 2.3 Trillion+ Tax dollars are going, and the Military Industrial Complex. It is time for America First",https://petitions.whitehouse.gov/petition/full-disclosure-now-reveal-and-declassify-100-year-old-classified-tesla-patents-free-energy-motors
96,2463996,2017-01-25 05:31:10,2017-02-24 05:31:10,End the media blackout  on the Environmental Protection Agency (EPA).,"Energy & Environment, Government & Regulatory Reform",Change an existing Administration policy,209,"We need transparency in our government.  We need the EPA to do it's job to protect us from pollution and to protect the environment for our children and grandchildren. The job of the EPA is to protect the people, not corporations. We need to know if the current administration is stopping the EPA from doing it's job.  The media blackout is designed to keep us from knowing.",https://petitions.whitehouse.gov/petition/end-media-blackout-environmental-protection-agency-epa
97,2473371,2017-01-27 08:31:11,2017-02-26 08:31:11,Help families combat the addiction epidemic.,Criminal Justice Reform,Call on Congress to act on an issue,262,"There is an epidemic of addiction sweeping the United States and we need every tool available to save our kids. A powerful tool is Caseyxs Law. The law, recently passed in Kentucky and Ohio, allows families to petition the court to get treatment for a loved one who has refused to get help on their own. Addicts often refuse help, spiraling out of control until it is too late. That is what happened to Charlotte Wethingtonxs son, Casey. He died of a heroin overdose. Charlotte felt had she been able to get Casey court ordered treatment, hexd still be here. She is fighting to get Caseyxs Law passed at the federal level. In the meantime, people across the country are trying to get Caseyxs Law passed state-by-state.",https://petitions.whitehouse.gov/petition/help-families-combat-addiction-epidemic
98,2446556,2017-01-21 23:35:16,2017-02-20 23:35:16,Don't repeal the Affordable Care Act without replacement,Health Care,Take or explain a position on an issue or policy,225,"The lack of an immediate and concrete plan for replacement of the ACA will cause insurance markets to destabilize, premiums to increase, and millions of working families to lose coverage. A repeal will also increase taxes on the middle class and roll back consumer protections. Before we take away health care coverage from millions of people, President Trump needs to show us a plan that helps ALL Americans. It's too dangerous to play politics when the lives of Americans are at stake.",https://petitions.whitehouse.gov/petition/dont-repeal-affordable-care-act-without-replacement
99,2471051,2017-01-26 14:27:04,2017-02-25 14:27:04,We the People want to see Constitutional Carry in America,"Government & Regulatory Reform, Homeland Security & Defense, Veterans & Military",Propose a new Administration policy,467,"We the People want to see Constitutional Carry,  to remove regulations on our God given 2nd amendment rights and provide protection against threats to our selves, family and national security. What ever happened to SHALL NOT BE INFRINGED",https://petitions.whitehouse.gov/petition/we-people-want-see-constitutional-carry-america
