,profile,url,tweet_bags
0,Donald Trump,https://twitter.com/POTUS,"FBI Director Comey: fmr. DNI Clapper ""right"" to say no evidence of collusion between Russia and Trump Campaign. #ComeyHearingpic.twitter.com/MqBG2xd4s7 FBI Director Comey admits Obama?s White House had ability to ?unmask? American citizens.https://m.youtube.com/watch?feature=youtu.be&v=eI8Eag_9LJ8?? FBI Director Comey says classified leaks to the media have been ?unusually active? recently.pic.twitter.com/WumDJSqaFA NSA Director Rogers tells Congress unmasking individuals endangers national security.pic.twitter.com/jTwjPINvNh The NSA and FBI tell Congress that Russia did not influence electoral process.pic.twitter.com/d9HqkxYBt5 FBI Director Comey refuses to deny he briefed President Obama on calls made by Michael Flynn to Russia.pic.twitter.com/cUZ5KgBSYP Stories like Dr. Sethi's are why @POTUS is fighting to #RepealAndReplace #Obamacare. Share your story here: http://45.wh.gov/2Hneor?pic.twitter.com/4KPkKY8GOb #ICYMI: Watch @POTUS' Weekly Address http://45.wh.gov/Jjp2ki?pic.twitter.com/qysLcgrfNK Stories like Ms. Sertich's are why @POTUS is fighting to #RepealAndReplace #Obamacare. Share your story here: http://45.wh.gov/2Hneor?pic.twitter.com/gz7lemvPJ0 ...vast sums of money to NATO & the United States must be paid more for the powerful, and very expensive, defense it provides to Germany! Despite what you have heard from the FAKE NEWS, I had a GREAT meeting with German Chancellor Angela Merkel. Nevertheless, Germany owes... It's time to put #AmericaFirst when it comes to how we spend taxpayers' money. We will keep our people safe! 
http://45.wh.gov/NF9wr4? Weekly Address - 11:00 A.M. tomorrow! #MAGA   http://45.wh.gov/Jjp2ki?pic.twitter.com/P7n7b8T2cD Stories like Dr. Armstrong's are why @POTUS is fighting to #RepealAndReplace #Obamacare. Share your story here: http://45.wh.gov/2Hneor?pic.twitter.com/9XzqSDEVJ2 Great meeting with the @RepublicanStudy Committee this morning at the @WhiteHouse!pic.twitter.com/U8gaHBVmW7 Attending a great listening session with @DeptVetAffairs @SecShulkin in the Roosevelt Room. We are going to take care of our VETS! #Heroespic.twitter.com/vruM7JM0Bw Today @POTUS welcomes the Chancellor of Germany, Angela Merkel, to the White House. 

Watch their press conference: http://45.wh.gov/KNhLdo?pic.twitter.com/sWovglJFEH North Korea is behaving very badly. They have been ""playing"" the United States for years. China has done little to help! Happy L? Fheile Phadraig to all of my great Irish friends! Join @POTUS @Cabinet on Twitter! @SecPriceMD @EPAScottPruitt @SecElaineChao @SecretaryZinke @SecretaryCarson @SecretaryPerry @SecShulkinpic.twitter.com/vAGhSrOgvb"
1,Betsy Devos,https://twitter.com/BetsyDeVosED,"#NASBE CEO Kris Amundson reiterates ""nothing short of excellence should be our common refrain."" - DeVos #NASBELegCon DeVos: I challenge you to keep raising the bar. There's always more work to be done and new ways to inspire learning. #NASBELegCon #AmericasBudget streamlines and simplifies college funding programs to help make higher education more affordable. #AmericasBudget ensures funding for @USEDGOV mission to support the nation?s most vulnerable students, including those with disabilities. #AmericasBudget delivers on @POTUS' promise to expand #SchoolChoice and focus on serving students. #AmericasBudget makes clear that education is a top priority for this Administration. We will put kids first and give parents options! As I told @NLGA, we will empower states to better serve students. We must give the rising generation every opportunity possible to succeed!pic.twitter.com/jg9le0UyWx Thanks for the conversation and insights!https://twitter.com/leagueofcities/status/841409430289817601?? The greatest opportunity for each child to reach his or her full potential & pursue the American Dream is through a great education. Children have the opportunity to flourish as their teachers & administrators innovate & tailor education to the needs of their students. Thank you @EricGordon_CEO @CLEMetroSchools for helping encourage this program. ? and it introduces them to skills and subject-areas with high-potential futures. (2/2) .@CLEMetroSchools .@CLEMetroSchools hands-on experience encourages students to engage in ways the traditional classroom often does not? (1/2) .@CLEMetroSchools ?Project Lead the Way? connects students with engineering businesses and organizations in the community. .@DPSNewsNow ?Success Express? is a great example of how LEAs are leveraging federal, state and local funds to best serve children. .@DPSNewsNow provides transportation to children from under-served areas to schools in other regions of the city. It?s this kind of local control that we want to empower. Now parents are in direct control. The community takes ownership of developing the School 15?s structure, staffing and performance. ... but in recent months, parents & teachers in Indy have come together to propose School 15 become a ?neighborhood-run? school. (2/2) .@ipsschools School 15 has struggled for years with low-test scores, and the state gave it an ?F? in 2016... (1/2)"
2,Kellyanne Conway,https://twitter.com/KellyannePolls,"Congratulations @erictrump & @LaraLeaTrump on the best news of the day. Wonderful people make amazing parents.https://twitter.com/erictrump/status/843854763825528832?? Bannon 2 @mollyesque: immigration poll a pillar of ?the intellectual infrastructure of populist movement that candidate Trump galvanized?https://twitter.com/mollyesque/status/843788012433620992?? The 2014 breakout #poll on immigration included a memo about ""America First"" policies that protects workers & raises wages.https://twitter.com/mollyesque/status/843788012433620992?? These #poll numbers are eye-popping:https://twitter.com/secretsbedard/status/843587560467288065?? Just one key excerpt from a very good interview between @EricTrump and @MariaBartiromo.https://twitter.com/foxnews/status/843580285983768576?? Since 2007, the % of Hispanic women owned businesses has increased by 137%. We must support businesswomen like Lili http://m.huffpost.com/us/entry/us_58cc03c3e4b07112b6472cd7??? How I miss those days! Twins=Born with a best friend and mischief-maker.https://twitter.com/nbcnews/status/843564245501575170?? Happy Birthday @Reince. That is quite the big gift.https://twitter.com/reince/status/843211093048745984?? So honored to be a part of @SpecialOlympics Opening Ceremony & walk with these incredible athletes. @specialolyUSA
#grateful #inspiredhttps://twitter.com/bhofheimer_espn/status/843178088867528707?? In a historical visit- @POTUS @realDonaldTrump honors  #POTUS7 #AndrewJackson on his 250th birthday - lays wreath at tomb in Hermitage, TN.pic.twitter.com/iLsLubD48G ? at Andrew Jackson's Tomb #Poll: Trump Approval, Voter Optimism on the Rise.https://morningconsult.com/2017/03/15/poll-trump-approval-voter-optimism-rise/?? #poll that adds perspective to current discussion about health care reform.https://twitter.com/SteveKornacki/status/841993916186517506?? Love this piece on super mom of 3 & super communicator @SarahHuckabeehttp://bigstory.ap.org/article/29ea3c163ce34b00bd4b2deb4145dfd6/sarah-huckabee-sanders-rising-star-trumps-orbit?? Thoughtful piece re: ed reform. Top 3 reasons Congress should support school choice in Wash, DC http://washex.am/2n54hGb? via @DCExaminer That's a lot of zeroes. @foxandfriends @IngrahamAngle discussing this now.pic.twitter.com/LCOepjbMtm Likely not what people mean when they say we should have more money for health care.https://twitter.com/nypost/status/841183242816499712?? Spoke to @foxandfriends today about the numbers that matter most to Americans: 235K jobs created and under 5% unemployment. #realimpactpic.twitter.com/HfVjwohREJ Top healthcare take aways from my time @GMA.  5 states and 1,021 counties only have 1 provider under #Obamacare - that's not a choice.pic.twitter.com/8csIFRp09K #FakeNewsAlert & why so many people don't trust what they read Headlines don't match story. Never made nexus.http://www.independent.co.uk/news/uk/politics/kellyanne-conway-donald-trump-barack-obama-spying-through-microwave-claims-a7626826.html?? #Eagles and QB Nick Foles agree to terms on a two-year deal. #FlyEaglesFly

More: http://phieagl.es/2miHKC2?pic.twitter.com/f18RKWCJ53"
3,Mike Pence,https://twitter.com/mike_pence,".@POTUS showed true leadership in his #JointAddress?laying out an agenda of tax relief, affordable healthcare & commitment to peace & safety It was my honor to speak at the @March_for_Life today w/ my family & share the commitment of @POTUS to restore culture of life in America.pic.twitter.com/2ucCZBAdHj We have come to a historic moment in the cause of life, and we must meet this moment with respect and compassion for every American. .@POTUS and I stand with the @March_for_Life. Be assured, we will not rest until we restore a culture of life for ourselves & our posterity. Let this movement be known for love not anger - for compassion not confrontation. #MarchforLife One week ago today, we witnessed the historic inauguration of a president who stands for the right to life - President @realDonaldTrump. Life is winning in America. Today's @March_for_Life is a celebration of the progress that we have made in the cause. Our new UN Ambassador @nikkihaley is getting right to work with President @realDonaldTrump and @SenRubioPress.pic.twitter.com/7Ib1DjuAYt The Dow closes above 20K for 1st time in history. US economy is being unleashed under President @realDonaldTrump. https://www.google.com/amp/www.cnbc.com/amp/2017/01/25/us-markets.html?? Law enforcement worked tirelessly to secure the inauguration. Today the President & I thanked them during a reception at The @WhiteHouse.pic.twitter.com/U4ODCEvKJW Thanks to everyone for a wonderful inaugural evening. #MAGApic.twitter.com/ya0qvucFI8 Stay up to date here and follow @VP for official updates.https://twitter.com/vp/status/822505454450470912?? Grateful for the support throughout the transition from @VP Biden &  @DrBiden44. Pleasure to have them welcome Karen & me to The White Housepic.twitter.com/M5khWysIU6 We begin this historic and humbling day as we do every day, with a moment of reflection and prayer. #InaugurationDaypic.twitter.com/sfJkGktFpe Honored to stand shoulder-to-shoulder with the next President of the United States . The work to #MAGA begins today!https://twitter.com/realdonaldtrump/status/822421390125043713?? Karen and I enjoyed a magical evening at the candlelight dinner at Union Station with President-elect @realDonaldTrump and Melania Trump.pic.twitter.com/62exLKfXKx Tomorrow history will be made. Tonight was for family, Hoosier friends, & a dance with the greatest blessing in my life, my wife Karen.pic.twitter.com/CnvTtdYkXv So very proud of my wife, Karen. She was an amazing First Lady of Indiana & will make a great Second Lady of the US.pic.twitter.com/3Whm8RD5Mz Fitting start to a weekend of history. Paying tribute with President-elect @realDonaldTrump to those who sacrificed and served our country.pic.twitter.com/4Rwra4pM9h Congrats to @RRMGOP on her election as Chair of @GOP. With her energetic leadership, President-elect @realDonaldTrump will #MAGA "
4,Mitt Romney,https://twitter.com/MittRomney,"I'm a fan of proposed Deputy Treasury Secretary Jim Donovan. A qualified person of integrity and a friend for many years. Thanks to the WashU students and @DeanNancyStaudt for hosting me this afternoon. Really enjoyed your thoughtful questions.https://twitter.com/WUSTLnews/status/836322870456385537?? Congrats to my great-nephew, @BYUCougars center Eric Mika, on his 29 points and the win Saturday vs. Gonzaga.http://bleacherreport.com/articles/2694997-byu-vs-gonzaga-score-and-reaction-from-cougars-upset-win?? Happy Valentine?s Day to my sweetheart, Ann.pic.twitter.com/EsUbFRfdAh I strongly urge the Senate to confirm Andy Puzder as our next Secretary of Labor. https://www.facebook.com/mittromney/posts/10154154071746121?? Thought-provoking plan from highly respected conservatives to both strengthen the economy & confront climate risks:http://www.clcouncil.org? Happy 105th birthday to my wonderful mother Roberta - we love you mom!pic.twitter.com/63E912Imub An important and welcome choice: Judge Gorsuch will help restore much needed faithfulness to the Constitution. MLK inspired my mom: ""We must forever conduct our struggle on the high plane of dignity and discipline.""pic.twitter.com/HaBg7s7Qco Betsy DeVos is a smart choice for education secretary. My op-ed in today?s @washingtonpost:https://www.washingtonpost.com/opinions/mitt-romney-trump-has-made-a-smart-choice-for-education-secretary/2017/01/06/627550e0-d421-11e6-9cb0-54ab630851e8_story.html?utm_term=.ff421366f01c?? From our family to yours: Merry Christmas.pic.twitter.com/9n2omOws7M It was an honor to have been considered for Secretary of State of our great country. https://www.facebook.com/mittromney/posts/10153988122401121?? Honored today to help ordain my grandson Wyatt a deacon in my church.pic.twitter.com/NND17FQKpF As a boy, John Glenn lifted my eyes to the heavens. Today, they welcome him back. Thank you, @NHJennifer for your steady hand guiding the NH GOP. Your leadership will be missed. No greater joy than making discoveries together with grandchildren.pic.twitter.com/NxIYsog6lC Thankful today for a full house and full heart.pic.twitter.com/KGfOO4LWW2 One of America's finest journalists gone far too soon. We will miss Gwen Ifill's brilliant voice and kind heart. Let us today honor the sacrifice and service of our heroic men and women in arms. #VeteransDay Best wishes also for the GOP victors in the House, Senate & statehouses: may you govern with the high seriousness befitting our great nation"
5,Jeb Bush,https://twitter.com/JebBush,"Such an unnecessary distraction given all the challenges and opportunities we face. Focus on the important stuff.http://www.cnn.com/2017/03/17/politics/gchq-trump-wiretap-denial/?? The CBO has a history of overestimating benefits of progressive policy and underestimating market approaches.https://www.wsj.com/articles/medicaid-is-free-so-why-does-it-require-a-mandate-1489529946?mod=e2two&mg=id-wsj?? Congratulations @GovMattBevin and @BamCarney for passing HB 520 #CharterSchools empowering #Kentucky?s students and families! #edreform Jim Donovan will be an exceptional Deputy Secretary of Treasury. He?s a capable, talented man of integrity. Proud to call him a friend. Here is why Arizona must expand its Empowerment Scholarship Accounts. #schoolchoice #edreformhttp://www.azcentral.com/story/opinion/op-ed/2017/03/13/empowerment-scholarship-accounts-jeb-bush/98904784/?? America is a nation of immigrants. The sentiment expressed by Steve King doesn't reflect our shared history or values.https://twitter.com/carloslcurbelo/status/841085746387812353?? A fantastic story about a group of Florida high school students setting an example for us all.http://www.cbsnews.com/news/boca-raton-community-high-school-most-valuable-lesson-taught-at-lunch/?? How Trump Can Expand School Choice. Strong advocacy from Cardinal Dolan.https://www.wsj.com/articles/how-trump-can-expand-school-choice-1489016469?? WikiLeaks?s New Damage How lax can we be? This is so dangerous for our national security.https://www.wsj.com/articles/wikileakss-new-damage-1488931419?? The Mob at Middlebury. Alumni should rise up against this.https://www.wsj.com/articles/the-mob-at-middlebury-1488586505?? Brian Murphy and I opine on the power of #schoolchoice and thank Governor @EricGreitens and the #MOLeg for their leadership on #edreformhttps://twitter.com/ExcelinEd/status/837733441974194176?? Today's education model needs to be updated for today's workforce needs, says @JebBush during his news conference with #moleg lawmakers.pic.twitter.com/fQky1lRVmj Thanks to our Missouri #edreform partners for the invitation to visit the #MOLeg today to talk #schoolchoice @excelined @ceamteampic.twitter.com/gXvbBnNYvz Great to see @DenishaMweather recognized at tonight?s #JointSession. She is a remarkable example of the power and potential of school choice I hope folks take an opportunity to check out my brother?s book, coming out tomorrow. It?s an incredible tribute to some of America?s finesthttps://twitter.com/TheBushCenter/status/836289829319151621?? I?m with @EricCantor. @TerryMcAuliffe has a huge opportunity to improve education in Virginia and change the course for countless students.https://twitter.com/EricCantor/status/836318038127411200?? It was remarkable to see Katherine Johnson on stage at the Oscars tonight. She's an American icon.https://twitter.com/NASAhistory/status/836037852068720640?? Best of luck to my friend @jimmykimmel tonight. Let's see if he can top his ride to the last awards ceremony.https://www.youtube.com/watch?v=r54CqBhoIjk?? Great News from the White House: In sweeping move, Trump puts regulation monitors in U.S. agencies http://reut.rs/2mkvd1k? via @Reuters Beware of slippery slope. Dutch Doctor Forces Assisted Suicide Dose On Sedated, Protesting Patienthttp://thefederalist.com/2017/02/23/dutch-doctor-forces-assisted-suicide-dose-sedated-protesting-patient/#.WK9P6lzAYNE.twitter??"
6,Milo Yiannopoulos,https://twitter.com/DontGoAwayM4d,"http://bit.ly/2mRyeJq? via /r/KiA #gamergate Kotaku UK's Rich Stanton Outed With Financial Conflict Of Interest | #GamerGate #Ethics http://www.oneangrygamer.net/2017/03/kotaku-uks-rich-stanton-outed-with-financial-conflict-of-interest/25869/??pic.twitter.com/3goK4SZ4vp The FAKE NEWS media (failing @nytimes, @NBCNews, @ABC, @CBS, @CNN) is not my enemy, it is the enemy of the American People! .@Jonathan_Blow Congratulations! It only took you 30 months longer than the rest of #GamerGate and #NotYourShield to figure that out.pic.twitter.com/BJeh9BkmbH #Gamergate was the first real left-wing pushback against the social tyranny of SJWs. Bunch of god-damned shitposting heroes.https://twitter.com/xcommanderLx/status/825298962890436609?? TFW you realize #Gamergate didn't end. It's just that virtually every gaming website went out of business.pic.twitter.com/48mbtiOs4L DeepFreeze.it update.
Five conflicts of interest on journalists covering Christine Love. Three are original digs.
#GamerGate.pic.twitter.com/HdCFIpPQYo I twisked the 'Gamers are over' article in 2014 but didn't thread it, so I've compiled it into a #GamerGate 'Moment'https://twitter.com/i/moments/812067864484134913?? I am going to keep tweeting in the #GamerGate hashtag in 2017 in anticipation for the 2018 Massachusetts House of Representatives election.pic.twitter.com/qgEApj0MnJ The fact that I just discovered this, and can therefore not get it for Christmas, has me devastated.pic.twitter.com/xIbtDWtNwG Watching @LeahRemini Scientology documentary on A&E. really good.http://www.aetv.com/shows/leah-remini-scientology-and-the-aftermath?? DeepFreeze.it update, showing new by-outlet classification.
Six new entries, all outlet-only, all involving older events.
#GamerGatepic.twitter.com/p7qQFfTkBw Quick question:

Do you or have you ever considered yourself part of #GamerGate?

Please vote and retweet if ya can My panel about censorship and #gamergate has been a success. Ppl laughed at the stupidity of gaming media You're right guys, it wasn't that your strategy of calling everyone a homophobe/racist was wrong, you need to DOUBLE DOWN NOW!! ""Breitbart played a key role in Gamergate. Congratulations, America, you put Gamergate in the fucking White House.""

Glorious! #GAMERGATE BTW, #Gamergate, congrats on taking down your first world boss. Did #Gamergate do this? They never learn from their mistakes... http://kukuruyo.com/comic/gamergate-triggerhappy-meet-premiere/?? #PremiereSAO @PremiereSAO #gamergatepic.twitter.com/IP7rKEd51B DeepFreeze.it update.
Completely renewed by-outlet entry filing and outlets page.

#GamerGatepic.twitter.com/BfAe0EGCpH"
7,Sarah Palin,https://twitter.com/SarahPalinUSA,"JUST In... http://fb.me/124E4KuhZ? This is major... http://fb.me/ahgdOpc2u? What a beautiful way to teach our kids! http://fb.me/8JbeSZuyw? It's on! To many voters, this is what the 2016 election boiled down to. What do you think? http://fb.me/PzYCqKFG? Just in... http://fb.me/5XBpJTrBX? Liberal hypocrisy at it's worst. http://fb.me/7otCXWlQm? Oh boy... http://fb.me/8CukTdEue? Right on!  http://fb.me/4I2n0J6Ub? In 2011, Todd and I had the honor of visiting Israel and enjoying a private dinner with Prime Minister Benjamin... http://fb.me/2Q1keYvie? In 2011, Todd and I had the honor of visiting Israel and enjoying a private dinner with Prime Minister Benjamin... http://fb.me/LjkFKrzL? Whoa...http://fb.me/3m5WRAMkB? This is terrible. http://fb.me/1etKrneBU? Not tired yet!  http://fb.me/4nMJ9QB7Z? 'Proud American' Angelina Jolie Gives Address to UN, Shocks Everyone with 4 Inconceivable Words...http://fb.me/1eNNvFs3i? Interesting development. http://fb.me/2Y9hsYbFv? Enough already! http://fb.me/1LrgogGMP? Saw this coming...http://fb.me/6nt5YWpy6? Ridiculous! http://fb.me/4OT8wWUHS? Not good. http://fb.me/3u0nYkmGE? Straight shooter just like his Dad... http://fb.me/6fmFBimhU?"
8,Ted Cruz,https://twitter.com/tedcruz,"Add your name if you agree -- no US funding for the UN until the Israel vote is reversed: https://www.tedcruz.org/l/defund-the-un/?? #StandWithIsrael 7 years ago, video of baby Caroline playing with her grandfather in the snow: https://www.facebook.com/tedcruzpage/posts/10155023513777464??pic.twitter.com/besVNTjc0T A decade ago, Judge Gorsuch was confirmed in the Senate. Not one Democrat spoke in opposition to him. #SCOTUShttps://twitter.com/politifact/status/843820930317111296?? .@TedCruz to Democrats: ""What has changed? Ten years ago, [Gorsuch] was so unobjectionable he didn?t merit even a whisper of disapproval."" Cruz talks up 2016 election as referendum on direction of Supreme Court. ""The people chose originalism, textualism and the rule of law."" WATCH LIVE: Chairman @ChuckGrassley leads hearing on nomination of Neil Gorsuch to be Associate Justice of #SCOTUS https://www.facebook.com/senjudiciary/videos/433367367001551/?? The time to act is now upon us.http://on.wsj.com/2mUyAhz? Republicans have pledged for six years to repeal ObamaCare and return choice to America?s health-care system.http://on.wsj.com/2mUyAhz? #CruzCrew: Tomorrow I'll appear on @FaceTheNation on CBS. Find out when it airs here: http://www.cbsnews.com/face-the-nation/local-listings/??

Hope you'll tune in!pic.twitter.com/p3dnzcpOMW SUNDAY: Don't miss our exclusive interview with @tedcruz! Check your local listings for times. http://cbsn.ws/2mYBJ09?pic.twitter.com/KEPTIeIvoH SUNDAY: @tedcruz, WH Budget Director Mick Mulvaney and @NancyPelosihttp://cbsn.ws/2nO7I0D? It's time we deliver on our promise to repeal Obamacarehttps://www.youtube.com/watch?v=c1jGxoXaQOs?? The three criteria for health reform by @SenTedCruz and @RepMarkMeadows http://on.wsj.com/2mUyAhz? via @WSJOpinion Here are the pics of @SenTedCruz @tedcruz Doing a ""stage dive"" at the @FreedomWorks #DayofActionpic.twitter.com/GPBsjZc2Eq Mattis pulls Pentagon pick over Muslim Brotherhood fears http://fxn.ws/2lXXpui?pic.twitter.com/DNQxQwNgBp Congrats to Jim Donovan on being nominated Dep Secretary of Treasury. Jim's a good man--smart & well qualified to lead fight for tax reform. Becket names ?Lion of the Law? Leonard Leo 2017 Canterbury Medalist: http://buff.ly/2m1B3Im? #CMG2017 .@tedcruz @SenTedCruz at the #DayofAction rally. #StormCongress #ObamaCare http://ow.ly/U2OP309Y1ht?pic.twitter.com/TcXLV1k0v6 The time to act is now upon us:https://www.wsj.com/articles/three-criteria-for-health-reform-1489618565?? There?s a path forward ? if the admin & Republicans from across the political spectrum can put aside past differences to find consensuspic.twitter.com/9WEiZrRArw Does it provide Americans more control over their families? health care?"
9,Jerry Brown,https://twitter.com/JerryBrownGov,"California is Not Turning Back, Not Now, Not Ever: http://bit.ly/2juAoK7? #CASOTSpic.twitter.com/F7sgOas5YK @JerryBrownGov @AGBecerra @kdeleon @Rendon63rd Blast Cynical Ploy by @POTUS, Car Makers to Undo US Pollution Stndrds http://bit.ly/2ntwrYv?pic.twitter.com/OVIatU1C3h #CBO report makes it crystal clear that this harebrained scheme to repeal #Obamacare is a really dumb idea & will cause millions to suffer. .@JerryBrownGov on @fema Approval of #OrovilleSpillway & January Storm Presidential Disaster Declaration Requests http://bit.ly/2kI6bIn?pic.twitter.com/9X4s8Lzlle .@JerryBrownGov requests direct federal assistance to bolster state?s ongoing #OrovilleSpillway response: http://bit.ly/2kEgXzk? .@JerryBrownGov speaking live now at State Operations Center: http://bit.ly/2kl2sUN? #OrovilleSpillway .@JerryBrownGov Issues Emergency Order to Help Response to #OrovilleSpillway http://bit.ly/2ladU52?pic.twitter.com/ULQGjkt1c1 .@realDonaldTrump, California?s ready. #CAHSRA https://twitter.com/thehill/status/829723286208655360?? World leaders are goofing off...We need the people themselves to live in the truth, to demand the truth.http://bit.ly/2jojBaZ? I wish every Californian a happy, healthy and prosperous Lunar New Year. Gung Hay Fat Choy! #YearOfTheRooster No time for naps around here, @ColusaBrown. #CAWaterfixhttps://twitter.com/ColusaBrown/status/821462698395201536?? Let us reflect on his words and vision, and consider what each of us can do today to help keep his dream alive. #MLKDaypic.twitter.com/qqTKOt01HM RIP Sutter. You will always live in our hearts and your sister is watching over you.pic.twitter.com/6KS5T2tsIA A beautiful day on the ranch, but a very sad parting. Happy trails, @SutterBrown. http://bit.ly/2imNIk0?pic.twitter.com/p7jIHsAcdQ Last year, I received the draft #CAWaterFix EIR. Now, 30,000 comments later, the final report is out. http://bit.ly/2hdLkgq?pic.twitter.com/IS4VdYXNg8 We've got the scientists, we've got the universities, we have the national labs...and we will persevere.http://tinyurl.com/zle9quh? We won?t cut CO2 pollution until businesses are part of solution. CA companies like @Google continue to lead the wayhttps://goo.gl/ZYkoon? Our thoughts are with the entire city in this difficult time & we extend our condolences to the family & friends of those lost #OaklandFire The defeat of Prop 53 is good news for CA and our future. It means one less roadblock in solving our water and transportation problems This Veterans Day, let us welcome all our returning veterans with open arms. http://bit.ly/2ePY1Nf?"
10,Jill Stein,https://twitter.com/DrJillStein,"Legendary housing-rights organizer @CheriHonkala is running in a special election this Tues + needs backup! #Philly http://www.cheri197.com/donate?https://twitter.com/CheriHonkala/status/827540348993957888?? Gerrymandering is killing competitive elections in US. Solution: independently drawn multi-member districts with #RankedChoiceVoting. Continuing their war on democracy, the @dailykos - which bans users from discussing Greens - left out that @CheriHonkala is in this race.https://twitter.com/DKElections/status/842766155404247041?? The current US voting system produces noncompetitive elections, polarized parties & unrepresentative government.http://www.fairvote.org/gerrymandering_and_its_effect_on_fair_representation?? Did you know @CheriHonkala's grassroots campaign does not take corporate cash? It's powered by people like U! #WeAreThe197 #NotMeUs #Phillypic.twitter.com/9lsPXVydzF Invite your friends to like the fastest growing political party @facebook page in Minnesota! Help grow the Greens: http://www.facebook.com/MnGreens?pic.twitter.com/Gg9QlCBRK8 Being poor shouldn't mean you deserve to get kicked out of 
your home. If you agree ---> http://cheri197.com/events?
#WeAreThe197 #Phillypic.twitter.com/eksxPhCVOv Dutch election, with a system that gives voters freedom of choice & makes voting easy, had 81% turnout. US election: 55%. #VotingJustice The Dutch have 28 parties to choose from. They get seats proportional to their % of votes. Real democracy needs #ProportionalRepresentation. Congrats to Dutch Greens @GroenLinks/@jesseklaver on historic wins & defeating right wing nationalists! #WeAreGreenhttp://www.theguardian.com/world/2017/mar/15/dutch-elections-greenleft-jesse-klaver?? Congratulations to Dutch Greens @groenlinks for winning big w/ a pro-refugee, internationalist message! #GreenSurgehttp://www.independent.co.uk/news/world/europe/netherlands-dutch-election-green-left-party-geert-wilders-mark-rutte-a7632451.html?? Retweet if you want to send Green  Kenneth Mejia (@25forcongress) to congress! It's time for universal healthcare, 100% clean energy & more!pic.twitter.com/iRGplIric5 In a bipartisan 59-12 vote, the Utah House passed a bill to use #RankedChoiceVoting in UT elections. #VotingJusticehttp://www.fairvote.org/utah_house_passes_bipartisan_ranked_choice_voting_bill?? Don't live in Philly? We need Greens from all over making calls & donations for @CheriHonkala! Let's make herstory.http://www.gp.org/help_cheri_honkala?? I just made a donation to @CheriHonkala's @OurRevolution-endorsed campaign. If you believe in human rights donate tohttp://cheri197.com/donate? Green endorsed @SamPreeStinson's justice oriented housing platform is catching people's attention. #WeAreGreenhttps://www.tcdailyplanet.net/a-seat-at-the-table-samantha-pree-stinson-brings-holistic-approach-to-gentrification-and-accountability-in-ward-3-race/?? Rare screening 1030am @fleshbloodfilm at the Lamar Alamo TODAY!!! With @DrJillStein & @CheriHonkala in attendance! #radicalwomen #SXSW LIVE on #Periscope: Live from #SXSW: Mark Webber discusses his film Flesh and Blood with his mother, Cheri Honkala,?https://www.periscope.tv/w/a5RSaDk4MDM1MnwxZFJKWlBBcmRQYktCr46O4poC7ftcBQtmn5aq3zYdNzsrIY5ckxLzvvBlp40=?? Want the truth about Russia, the Green Party, and the Democrats' accusations? Here it is:https://consortiumnews.com/2017/03/09/democrats-mccarthyism-hits-greens-stein/?? Great to meet so many champions for real democracy at last week's #VotingJustice conference in #Philly!pic.twitter.com/W34cB0tCjH"
11,Barack Obama,https://twitter.com/BarackObama,"Chuck Berry rolled over everyone who came before him ? and turned up everyone who came after.  We'll miss you, Chuck.  Be good. On International Women?s Day, @MichelleObama and I are inspired by all of you who embrace your power to drive change.https://twitter.com/obamafoundation/status/839584161442775040?? Courage comes in many forms. Who in your local community or neighborhood leads by example? #ProfileInCourage https://www.obama.org/your-voice/?pic.twitter.com/TgdEbdOIQh Humbled to be recognized by a family with a legacy of service. Who's your #ProfileInCourage? Tell me about them: https://www.obama.org/your-voice/?https://twitter.com/JFKLibrary/status/837318374233354248?? We asked. You answered.https://medium.com/@ObamaFoundation/we-asked-and-you-answered-26de78979a64?? Happy Valentine?s Day, @michelleobama! Almost 28 years with you, but it always feels new.pic.twitter.com/O0UhJWoqGN I read letters like these every single day. It was one of the best parts of the job ? hearing from you.https://nyti.ms/2jAhB2P? Add your voice: http://Obama.org?pic.twitter.com/Uf7oEvkZF3 In the meantime, I want to hear what you're thinking about the road ahead. So share your ideas with me here:http://Obama.org? Hi everybody! Back to the original handle. Is this thing still on? Michelle and I are off on a quick vacation, then we?ll get back to work. Tonight, President Obama reflects on eight years of progress. Watch the #FarewellAddress at 9 pm ET: http://ofa.bo/2iYYkWQ? #ObamaFarewell ""Thanks to the Affordable Care Act, your coverage is better today than it was before.""

Watch the weekly address: http://ofa.bo/2fG3Tv1? In the weekly address, President Obama discusses what #Obamacare has done to improve health care. http://ofa.bo/2ebbyAo? Let's keep working to keep our economy on a better, stronger course.pic.twitter.com/bV2BVjyj7a The landmark #ParisAgreement enters into force today?we must keep up the momentum to #ActOnClimate.http://ofa.bo/2fn8oHC? The economy added 161,000 jobs in October, and wages are up 2.8 percent over the past year. http://ofa.bo/2e8XF5N? #JobsReport There are a lot of plans out there. Check your options and lock in the one that's best for you: http://ofa.bo/2eZtYDp? #GetCovered The positive impact of #Obamacare is undeniable, but there's one big factor holding many states back: http://ofa.bo/2feEipF? It happened: @Cubs win World Series. That's change even this South Sider can believe in. Want to come to the White House before I leave? Tens of millions of Americans have benefited from #Obamacare. Make sure you're one of them. #GetCoveredpic.twitter.com/e1KoXcPtpU"
12,Joe Biden,https://twitter.com/JoeBiden,"From fighting cancer to changing the culture on domestic violence ? we?re just getting started. Join us:http://BidenFoundation.org? Jill and I -- and the whole Biden family -- wish everyone a very safe and happy St. Patrick?s Day. Like many other Irish Americans, I?m proud of my Irish heritage and of my family?s contributions to our nation. Last year I had the privilege of walking down the streets my great-great grandfather once walked, in County Louth, Ireland.pic.twitter.com/GsvB7DPCXk Today at #SxSW, we?re laying out how we?ll harness the momentum of the past year to make real progress.http://bidenfoundation.org/pillars/cancer-initiative/?? This fight is personal for Jill and me.  It?s personal for almost every American. Jill and I were honored to take the stage today at #SxSW. Join us in seizing the urgency of now to end cancer as we know it.pic.twitter.com/TemXB9baJQ Standing up for women is the cause of my life. We must change our culture to end violence against women #IWD2017https://www.youtube.com/watch?v=1MyXFYINQsA?? Congratulations @TomPerez - You will help ensure our party continues to fight for economic fairness and for all to be treated with dignity. Incredible performance from my friend @LadyGaga. You amaze me ? and not just onstage. Proud to work with you to end sexual assault. #ItsOnUspic.twitter.com/ZOva2lpAOZ Our tolerance and diversity make America great. We are safer and stronger when we welcome the brightest, best and bravest with open arms.pic.twitter.com/axggT3DRiZ We cannot yield an inch on all the progress we have made on civil rights and human rights. Now more than ever, we must work hard to preserve everyone's shot at the American Dream. Today Jill & I are proud to launch @BidenFoundation Folks, don't forget to stay in line! If you're in line when polls close, you're entitled to cast your ballot. http://pollingplaces.democrats.org?pic.twitter.com/LGkpzd7Ang There are world-class candidates running at all levels in this election. Vote down the line for Democrats who will keep us moving forward.pic.twitter.com/8Y5dX89QW7 We've come so far and all the progress we've made is at stake. You've got to vote. Bring a friend and get it done: http://IWillVote.com?pic.twitter.com/o3NyzpzUHj Vice President Biden on the importance of electing senators who will come together and work for every American: https://medium.com/to-the-left/today-lets-elect-a-senate-that-will-work-again-f9519f070cf1#.zatljwqhj??pic.twitter.com/HrdoPCf7iu 1. Make sure you know how to vote today: http://IWillVote.com?
2. Get on the phone and make sure others do, too: http://democrats.org/calls?pic.twitter.com/OOoJhZf6p1 ""Let's make history tomorrow. Let's send a signal to the rest of the world that America is still the brightest beacon of hope."" -VP Biden ""We're America! We don't scare easily... We never bow. We never bend. We never break."" -VP Biden with @timkaine   "
13,Bernie Sanders,https://twitter.com/SenSanders,"Our job: transform our energy system away from fossil fuels to protect the planet for our kids & grandkids?whether Trump likes it or not. I say to young people all over this country: Get involved in the political process. We need your energy. We need your idealism.pic.twitter.com/lVJ9PUy5gg If leaders of this country continue to reject science, then cities and states and towns will take steps to transform our energy system. Renewable energy is our future?and people in Vermont and across the country are already working to transform our energy system.pic.twitter.com/Cn0R5luzCM People are not truly free when they have no health care. People are not free if they can?t afford to live.https://twitter.com/nytopinion/status/843479186685804545?? The opioid epidemic is ravaging communities across America. We must focus on prevention, and we must focus on treatment.pic.twitter.com/28vikutPSq When workers rise up and stand together, there is nothing we cannot accomplish.http://tucson.com/news/local/supreme-court-affirms-arizona-s-higher-minimum-wage/article_b7c5a0f7-1ab5-57cb-a1b5-a3da180da7b2.html?? ?Access? to health care doesn?t mean a damn thing if you can?t afford it. It?s time to join the industrialized world and guarantee health care to all of our people.pic.twitter.com/UPjXzyz7dP Republicans claim to represent family values but plan to throw 24 million people off health insurance. That doesn?t seem like family values. We already have the largest defense budget in the world by far. We can't cut programs for seniors, children and working people to add to it.pic.twitter.com/2O6pWcvYKt We will not allow Republicans to punish the elderly, the children, the sick and the poor while they reward their billionaire friends. We should be a country where every veteran who defends this nation gets the health care they have earned and the respect they deserve.pic.twitter.com/XrcBa3aAV1 We?re not going backwards on women?s health care and women?s rights. No cuts to Planned Parenthood.http://www.rollingstone.com/politics/features/trumpcare-would-be-a-disaster-for-planned-parenthood-poor-women-w472133?? To the politicians who work to push down the vote by people who may vote against them I say: get another job.http://www.npr.org/sections/thetwo-way/2017/03/11/519839892/federal-court-rules-three-texas-congressional-districts-illegally-drawn?? Those of you who have gone to rallies or town meetings: keep showing up, keep calling Congress, continue to fight. Despair is not an option. Republicans want to throw millions more people off health care and raise premiums on low-income seniors. We can't let that happen.https://twitter.com/armandaviram/status/842427675213987840?? We have millions of people who are leaving school deeply in debt. It's time to make public colleges and universities tuition-free.https://twitter.com/armandaviram/status/842392592885129219?? Trump's priorities are exactly opposite of where we should be heading as a nation. At a time of massive inequality, we shouldn't slash programs for seniors, children and working people to increase military spending."
14,Hillary Clinton,https://twitter.com/HillaryClinton,"""To all the little girls watching...never doubt that you are valuable and powerful & deserving of every chance & opportunity in the world."" The intelligence community concluded the Russians will interfere again. This is why full investigation is important to country. Please stop. Throwback to #GLA17 w/ the honorable @HillaryClinton ""We are asking for equality and we will never, ever cease"" #TBThttps://youtu.be/7sP8DXQRboU? Things I learned today.https://twitter.com/philippereines/status/842762035574296577?? On #InternationalWomensDay I'm thinking about this young girl, & all the others like her out there. https://twitter.com/smlxist/status/838844842558046208?? Good message anytime, especially now. #EmbraceAmbitionhttps://twitter.com/toryburch/status/839132359287062528?? Warm welcome in Boston this morning.pic.twitter.com/mEswRa0VBE Thanks to Pres Johnson & the entire Wellesley community. And congrats to Wellesley's first NCAA crew champions, thanks for the warm welcome!pic.twitter.com/ZpbDpmRECP Trump's own @DHSgov confirmed this weekend that the ban doesn't enhance security.
But it foments fear & resentment.https://www.apnews.com/39f1f8e4ceed4a30a4570f693291c866/DHS-intel-report-disputes-threat-posed-by-travel-ban-nations?utm_campaign=SocialFlow&utm_source=Twitter&utm_medium=AP_Politics?? With threats & hate crimes on rise, we shouldn't have to tell @POTUS to do his part. He must step up & speak out.http://www.kansascity.com/news/local/crime/article134841774.html?? Congrats to @DNC chair @TomPerez & deputy @keithellison. Excited for strong, unified party standing for best of our country into the future. Let resistance plus persistence equal progress?here was my message to Democrats today.https://youtu.be/KNsTuvoNnaI? If you can't stand the heat, get out of the...Congress.https://kansascity.relaymedia.com/amp/opinion/editorials/article134098414.html?? JCC threats, cemetery desecration & online attacks are so troubling & they need to be stopped. Everyone must speak out, starting w/ @POTUS. If you're studying global health, or just want to feed your inner wonk, check out my wonderful daughter & @devisridhar's new book.https://twitter.com/oupacademic/status/832901233690058752?? Thanks to Isolde Fair & her classmates for this inspiring song. I'm with YOU. 
Watch:https://www.youtube.com/watch?v=XkS2Sl1klXQ?? Philippe's got his own way of saying things, but he has a point about the real consequences of fake news...https://twitter.com/philippereines/status/831356816609116160?? 3-0 ""She was warned. She was given an explanation. Nevertheless, she persisted.""

So must we all.https://www.youtube.com/watch?v=PBXYQGnABEc&feature=youtu.be?? I'm one of 100 million #SuperBowl fans that just went #Gaga for the Lady, & her message to all of us.https://twitter.com/usweekly/status/828412041060896770?? At 103, Ruline Steininger had an energy & vibrancy all should aspire to. My thoughts & prayers are w/ her family.pic.twitter.com/LQ1qozY3NH"
15,Robert Reich,https://twitter.com/RBReich,"We are dealing with possibly the most direct attack on American democracy in history.
http://www.politico.com/story/2017/03/adam-schiff-trump-twitter-wiretapping-russia-ties-236249??pic.twitter.com/gS7RfX7ANB Our democracy depends on anchors who have the courage to say things their media bosses don?t always want to hear.http://www.politico.com/blogs/on-media/2017/03/fox-news-no-evidence-trump-obama-wiretapping-236186?? Bankruptcy laws allow billionaire casino moguls like Trump to walk away from debts, but not people w/ student loans.https://www.washingtonpost.com/news/grade-point/wp/2017/03/17/trump-administration-rolls-back-protections-for-people-in-default-on-student-loans/?tid=sm_tw&utm_term=.a2236ef317b4?? Activism works. Here's a portion of an email I received this morning from a Kansas politician who left the Republican Party:pic.twitter.com/1uBSx0iO2Q I spent much of this week in DC ? talking w/ friends, former colleagues, pundits, and members of Congress in both parties. My verdict:pic.twitter.com/EIfe2Ck3rv No matter how low your opinion of Donald Trump and his cronies, somehow they still manage to surprise you.http://www.slate.com/articles/news_and_politics/politics/2017/03/a_top_trump_aide_has_been_strongly_linked_to_a_nazi_group.html?? The Senate Intel Committee says they see no indication President Obama ordered wiretapping of Trump Tower, so why is Trump standing by it?pic.twitter.com/JPs2Bhuhlj It seems like every day we discover more Russian connections. But we can't normalize this. Keep up the pressure for a special prosecutor.https://twitter.com/washingtonpost/status/842426017893515264?? The theme that unites all of Trump?s initiatives so far is their unnecessary cruelty. 
https://www.washingtonpost.com/news/wonk/wp/2017/03/16/if-youre-a-poor-person-in-america-trumps-budget-is-not-for-you/?utm_term=.07809b15f8c7??pic.twitter.com/XTszUokZKG Bottom line: Trump's Muslim travel ban is still in trouble. Thank god for our independent judiciary.https://www.washingtonpost.com/local/social-issues/lawyers-face-off-on-trump-travel-ban-in-md-court-wednesday-morning/2017/03/14/b2d24636-090c-11e7-93dc-00f9bdd74ed1_story.html?utm_term=.a767839ca249?? Never seen a GOP bill that so brazenly redistributes income from the needy to the wealthy on such a large scale.https://mobile.nytimes.com/2017/03/15/us/politics/obamacare-repeal-tax-cuts.html?referer=https://m.facebook.com/?? Trump's budget is all about helping corporations & the military-industrial complex, while shafting everyone else.http://www.newsweek.com/robert-reich-do-we-need-trump-big-business-big-military-budget-568191?? Inspiring piece on the resistance by Rebecca Solnit. I urge you to read it for sustenance.https://www.theguardian.com/world/2017/mar/13/protest-persist-hope-trump-activism-anti-nuclear-movement?? Have we sunk so low that we?re now normalizing explicitly racist, xenophobic comments by members of Congress?https://www.nytimes.com/aponline/2017/03/14/us/politics/ap-us-gop-congressman-islam.html?? Why is it Cong. King spews hate but Rs don't censure him, Sen. Warren reads a letter by Coretta Scott King about racism and Rs silence her? What are Trump's budget priorities, and why are they bonkers? Watch our newest video to find out (and please share).pic.twitter.com/diWdjz71kY We?re all safer when he plays golf than when he?s back in DC, so maybe the travel costs are a small price to pay. 
http://thehill.com/blogs/blog-briefing-room/news/323540-trump-makes-ninth-golf-course-visit-in-seven-weeks-in-office?? Trump is actively destroying the truth-telling institutions that our democracy depends on.http://www.newsweek.com/robert-reich-why-trump-trash-talking-our-democracy-567151?? Trump is delegitimizing the real press and legitimizing a group of people who report what he wants them to report.http://www.newyorker.com/magazine/2017/03/20/is-trump-trolling-the-white-house-press-corps?mbid=nl_170313_Daily&CNDID=49221241&spMailingID=10610432&spUserID=MTg0OTkxNzg0Nzg3S0&spJobID=1121040554&spReportId=MTEyMTA0MDU1NAS2?? .@RBReich on the GOP health care law: ""Under this Republican plan, people actually are going to be hurt""http://snpy.tv/2nnho2I?"
16,Justin Trudeau,https://twitter.com/JustinTrudeau,"Looking forward to wearing @PoppyBarley's on Wednesday - designed by two inspirational Canadian women. #Budget2017.pic.twitter.com/X7Mgqawu7P H?te de porter mes souliers @PoppyBarley mercredi ? con?us par deux Canadiennes inspirantes.  #Budget2017pic.twitter.com/uD9Uhclwsk On International Day of La Francophonie, we celebrate the French language & francophone culture:http://pm.gc.ca/eng/news/2017/03/20/statement-prime-minister-canada-international-day-la-francophonie?? En cette Journ?e internationale de la Francophonie, nous c?l?brons la langue fran?aise et la culture francophone :http://pm.gc.ca/fra/nouvelles/2017/03/20/declaration-du-premier-ministre-du-canada-loccasion-de-la-journee?? My best wishes for a healthy & prosperous new year to all those celebrating Nowruz!http://pm.gc.ca/eng/news/2017/03/20/statement-prime-minister-canada-nowruz?? J?offre tous mes v?ux de sant? et de prosp?rit? pour la nouvelle ann?e ? tous ceux qui c?l?brent Norouz!http://pm.gc.ca/fra/nouvelles/2017/03/20/declaration-du-premier-ministre-du-canada-loccasion-de-norouz?? Beautiful day in Montreal - great to be at the 194th St. Patrick's parade. Thanks to everyone who came out to celebrate today!pic.twitter.com/X9pIzAV5uf Splendide journ?e ? Montr?al. Heureux d?assister au 194e d?fil? de la Saint-Patrick. Merci ? tous ceux et celles qui sont venus c?l?brer!pic.twitter.com/X0rYelLjK1 Congratulations Maggie! Thanks for everything you do to help your students build stronger futures. #TeachersMatterhttps://twitter.com/teacherprize/status/843474725099749378?? F?licitations, Maggie! Merci pour tout ce que vous faites pour aider vos ?l?ves ? se b?tir un avenir plus radieux.https://twitter.com/teacherprize/status/843474725099749378?? Thanks, Twitter. In 140 or less, we?ll keep updating you on how we?re working hard for the middle class in 2017 and beyond.pic.twitter.com/YGTxBCFA2d Merci Twitter. Nous continuerons de vous dire ce que nous ferons pour la classe moyenne en 2017 et au-del?, et ce, en 140 caract. et moins.pic.twitter.com/AdnG2kaIcE Good luck to our @SpecialOCanada athletes competing in the Special Olympics World Winter Games in Austria! #SOTeamCanada17 Bonne chance ? nos athl?tes de l??quipe @SpecialOCanada aux Jeux Olympiques sp?ciaux mondiaux d?hiver de 2017 en Autriche! #?quipeOSCanada17 How are we helping young Canadians succeed? By making post-secondary education more affordable & accessible: http://bit.ly/2mc5SKs? Comment aidons-nous nos jeunes ? r?ussir? En rendant les ?tudes postsecondaires plus abordables et accessibles : http://bit.ly/2mEDs8d? More gold for @Alex_Harvey! This time on home snow in Quebec City. Keep gliding to victory & making us proud, Alex.https://twitter.com/cccski/status/842826811629338624?? Encore l?or pour @Alex_Harvey! Et, cette fois-ci, chez nous ? Qu?bec. Continue de filer vers la victoire et de faire notre fiert?, Alex.https://twitter.com/cccski/status/842826811629338624?? A heartfelt #StPatricksDay message from @SeamusORegan about opening our hearts to immigrants and refugees.pic.twitter.com/nGngt8UlDw Un message de @SeamusORegan qui vient du c?ur pour la Saint-Patrick nous invitant ? accueillir les immigrants et les r?fugi?s ? bras ouvertspic.twitter.com/TWQrwiA3R3"
17,Nate Silver,https://twitter.com/NateSilver538,"Good @perrybaconjr on where the House stands on a possible health care vote this week:http://53eig.ht/2nKI8ua? The U.S. Senate confirmation hearing of Supreme Court nominee Neil Gorsuch begins at 11 AM. Here's what to expect:http://53eig.ht/2n4SZAX? Even with No. 1 overall seed (Villanova) and Vegas favorite (Duke) out, nobody's even at 20% to win the tourney. http://53eig.ht/2lRxHYf?pic.twitter.com/sa2W8hSkKw #USA! #USA! #USA! #USA! ""Numbers are not concepts that come to people naturally and natively. Numbers are a creation of the human mind.?http://53eig.ht/2mx8FJt? Under the GOP health plan, an estimated 24 million people would lose health insurance by 2026. http://53eig.ht/2n2oT1y?pic.twitter.com/ea9y8FrzfX Have you heard the news? @NateSilver538 & Theo Epstein are keynoting at #DP17! Register today: http://domo.ly/2lKAHT9?pic.twitter.com/v4Uanni8Jj Today's games:

http://53eig.ht/2lRxHYf?
#marchmadnesspic.twitter.com/EoP9ijHt08 After stabilizing for several weeks, Trump approval ratings now getting worse again. We'll see if this continues... http://53eig.ht/2lYTN9X?pic.twitter.com/Cp7bUJeNpw Confused myself with the double negative and should have said ""hard to overstate"". But, yeah, this is not a popular piece of legislation. Hard to understate how unpopular the GOP's health care bill is.https://twitter.com/aedwardslevy/status/842869188595253248?? Our #MarchMadness in-game win probabilities are updating live. http://53eig.ht/2lRxHYf?pic.twitter.com/4xsH7pTayT Thank you, Mike! We are 3 years old in people years and 24 years old in media years.https://twitter.com/mWilstory/status/842738747057823744?? Shouldn't Penn State University be Penn *Commonwealth* University? Please don't @ me.pic.twitter.com/EGS9a8OUcS The Cubs won't lose the World Series for another 108 years.https://twitter.com/FiveThirtyEight/status/842426486418169856?? This is cool -->https://twitter.com/FiveThirtyEight/status/842410136337539072?? With that said, this is guesswork. We count about 16 firm ""no's"" right now with 22 needed to kill the bill.http://53eig.ht/2m423ap? 3 of 22 Republicans defected, a rate that would extrapolate to 32 GOP defections in the full House (killing the health care bill).https://twitter.com/sahilkapur/status/842382642305761282?? For context, Democrats lost 63 seats in the House in 2010 and Obamacare played a fairly clear role in that.http://53eig.ht/2n1Lqvg? When Obamacare passed in March 2010, it polled at 40% favor / 49% oppose (per RCP). That's bad, but GOP bill is less popular still."
18,NYT Politics,https://twitter.com/nytpolitics,"The Department of Homeland Security released a report naming places that refused to detain undocumented immigrants.http://nyti.ms/2mNmuVh? The FBI is investigating Russia's meddling in U.S. election and its links with Trump's campaign, FBI director said http://nyti.ms/2nL3o31?pic.twitter.com/Ix1uncuzz7 Why did Milo Yiannapoulos cite ""Pride and Prejudice""? A scholar investigates the ""alt-right Jane Austen"" http://nyti.ms/2nePgB8?pic.twitter.com/JTL7rRioPK The White House is tight-lipped on whether President Trump took time for golf over the weekend. http://nyti.ms/2nbRFfV?pic.twitter.com/zU3xAmyOJD Neil Gorsuch's role in the war on terror was questioned at his confirmation hearing. http://nyti.ms/2mIQAbA?pic.twitter.com/3WznyS5YQx Adam Lerrick's Treasury appointment underscores how Trump?s economic team is seeking to reverse Washington consensus http://nyti.ms/2nb1bQw?pic.twitter.com/vT9nT0AOLT Sen Bennet introducing fellow Coloradan Neil Gorsuch but won't commit to voting for him. Says he will keep an open mind on nomination. Does Meals on Wheels get results? Taking a look at the evidence. http://nyti.ms/2mHPlcI?pic.twitter.com/vSTnIFjoQS Comey says there were efforts by hackers to compromise voter registration rolls. Republicans used their questions to Comey as a way to criticize the news coverage about the Russia investigation. http://nyti.ms/2neWmWf?pic.twitter.com/wUdX3OgwRQ The cloud of a federal investigation of Russia ties could hang over the Trump administration for years. http://nyti.ms/2nDDJMR?pic.twitter.com/OUzXv8yuTE The race to get Neil Gorsuch to the Supreme Court in time to matter this term http://nyti.ms/2n6ErRb? by @adamliptakpic.twitter.com/4DhutcVIHx President Trump's continued accusations of wiretapping spark a renewed debate on privacy. http://nyti.ms/2npJH3k?pic.twitter.com/CfwCz34Cf9 ""The roads may not end up paved in gold, but we expect (Trump) to be out, shovel in hand."" http://nyti.ms/2n4L86a?pic.twitter.com/5buwyjhKeq Excerpts from the House intelligence committee hearing on Russia http://nyti.ms/2mML60d?pic.twitter.com/JDSgjYrqg8 Trey Gowdy asked if a series of people from the Obama administration had access to the leaked intel information http://nyti.ms/2nsegFq?pic.twitter.com/ijZy50ipMY ?I try very hard not to engage in any ?isms? of any kind, including McCarthyism,? James Comey said. http://nyti.ms/2mMCGG9?pic.twitter.com/ORzKYOgBOu President Trump has repeatedly criticized U.S. intelligence agencies, but to what end? http://nyti.ms/2nbM5tW?pic.twitter.com/jjV7UX8uOc President Trump is shifting more authority over military operations to the Pentagon, reversing a trend http://nyti.ms/2mI8ET1?pic.twitter.com/K37FAU58IT After saying committee once opposed FDR court-packing, Leahy says GOP senators are now ""guilty of their own un-packing scheme"" (Garland)"
19,CNN Politics,https://twitter.com/CNNPolitics,"Rep. Jackie Speier: President Trump ""owes President Obama an apology? http://cnn.it/2mkNYFy?http://snpy.tv/2nt9Fmv? The ""three-bucket"" strategy on health care that not everyone in Congress can believe in http://cnn.it/2mlXCb7?pic.twitter.com/l2qY0o149q Challenged on Trump's Mar-a-Lago trips and golf, Sean Spicer says it's a ""vast reach"" and ?presidents always travel"" http://cnn.it/2nDR0EW?pic.twitter.com/gPH356ULV0 Roger Stone says claims of Russian collusion in the 2016 US election are ""manufactured by the intelligence service"" http://cnn.it/2mmamhV?pic.twitter.com/2AVBGe6pRg President Trump's ninth grandchild is on the way http://cnn.it/2mlUSul?pic.twitter.com/agOkfek0Ut Rebuffed by FBI Director James Comey's testimony, President Trump's tweet teases a new theory http://cnn.it/2mNrKbn?pic.twitter.com/4oJ40iH1F2 Comey: ?We saw no efforts aimed at the vote itself? but there were efforts to penetrate voter registration rollshttp://snpy.tv/2nWPgmi? President Trump will visit Republicans as leaders put the final touches on the health care bill http://cnn.it/2mNhAYn?pic.twitter.com/e2YMTiEdA4 FBI Director James Comey: Russia ?hated? Hillary Clinton and ?wanted to harm her?http://snpy.tv/2n74xDy? Sean Spicer says he doesn?t think Roger Stone has spoken with President Trump anytime recentlyhttp://snpy.tv/2nsRKMK? Spicer: Secretary Tillerson sent a clear signal to North Korea that the US ""policy of strategic patience is over?http://snpy.tv/2mIA2QX? Democrats focus on Trump-Russia links while Republicans focus on Trump-Russia leaks http://cnn.it/2mN8L0A?pic.twitter.com/ECfb4A6APR Republicans count votes and put the final touches on the health care bill http://cnn.it/2mlCEsz?pic.twitter.com/1HuvLAuJtS Spicer: Comey refused to answer the question about whether he briefed Obama on Flynn's phone calls and activitieshttp://snpy.tv/2nDJnyf? The DHS issues its first ""detainer"" report http://cnn.it/2mlO2VF?pic.twitter.com/odBSSuslSp Astrophysicist Neil deGrasse Tyson goes supernova on President Trump's budget http://cnn.it/2mMSLfc?pic.twitter.com/cgf4iBc3Je Washington media veteran: President Trump has made journalism's mission clear http://cnn.it/2mly3qA?pic.twitter.com/b4i1q84Tkw FBI Director James Comey on Russia interfering in US elections: ""They'll be back""http://snpy.tv/2nWIY6d? Rep. Jackie Speier: Is Russia our adversary?
FBI director James Comey: Yes
NSA director Adm. Mike Rogers: Yeshttp://snpy.tv/2mIw3no? Comey: Any unauthorized disclosures of classified conversations or documents should be investigated and prosecutedhttp://snpy.tv/2n6DnfY?"
20,FOX Politics,https://twitter.com/foxnewspolitics,"White House stands ground after Russia probe confirmed, says no 'collusion'http://fxn.ws/2nL8Ti8? Gorsuch: Justice Scalia was a mentor too. He reminded us that words matter ? that the judge?s job is to follow the words that are in the lawpic.twitter.com/UeOtwQ579a HALFTIME REPORT: Trump makes Dems chase tails on Obama tapping http://fxn.ws/2nfxj5l? @ChrisStirewalt #Gorsush: ?I could not even attempt this without Louise, my wife of more than 20 years.""pic.twitter.com/Ovv9n2SdO1 #Gorsuch: ?If I am confirmed, I will do all my powers permit to be a faithful servant of the Constitution and laws of this great nation.?pic.twitter.com/JmI66tI63y Comey: 'I hate the New England Patriots'http://fxn.ws/2mNntEQ? NSA chief, GOP lawmakers rip 'unacceptable' leaks http://fxn.ws/2nWU8ba? #ComeyHearing FBI Directory Comey says Russia is an adversary of the U.S.: ""They want to resist us, oppose us, undermine us in lots of different ways.""pic.twitter.com/gANWKUcB2v Rep. Schiff: If Trump campaign aided or abetted the Russians, it would be ?one of the most shocking betrayals of democracy in history.?pic.twitter.com/PHaLEADK7h #Gorsuch Supreme Court hearings open to partisan clasheshttp://fxn.ws/2nDxUPu? .@TGowdySC: ""We, the American people, give certain powers to government to keep us safe..."" #ComeyHearingpic.twitter.com/Ve6dFXpXRn Comey testifies FBI and DOJ have ?no information? that supports Trump?s tweets that he was wiretapped by Obama http://fxn.ws/2nJSday?pic.twitter.com/OiAmC6JRPU FBI Dir. James Comey: We have no information that supports @POTUS @realDonaldTrump's wiretapping tweets.pic.twitter.com/irawWxNZYX Dir. Comey confirms that @FBI is investigating Russian gov't efforts to interfere in 2016 presidential election. http://fxn.ws/2nJSday?pic.twitter.com/qlKbQdhNpL #COMEY confirms FBI probing Russia-Trump team links, disputes wiretap claimhttp://fxn.ws/2nsejky? #COMEY FBI probe of Russia meddling in US race, possible 'links' with Trump camp http://fxn.ws/2ml81Uj? @JuddBerger What you need to know: #COMEY to testify before House intel panel http://fxn.ws/2mLCJ51? @brookefoxnews Take a look through Neil Gorsuch's judicial record http://fxn.ws/2n6dYmC? #gorsuch Trump administration boycotts UN council session over anti-Israel 'bias'  http://fxn.ws/2nJUVgr? via @AdamShawNYpic.twitter.com/cM2wuaWe7Y Trump: Russia story is 'FAKE NEWS and everyone knows it!'http://fxn.ws/2nVADQc?"
21,Post Politics,https://twitter.com/postpolitics,"Sean Spicer?s answer on wiretapping was totally and completely nonsensicalhttp://wapo.st/2nftq0m? Spicer: Just the ?beginning phase? of whether Trump Tower was surveilledhttp://wapo.st/2mNzNoq? Senator just can?t stop hitting his gavel, until the room bursts out laughinghttp://wapo.st/2nfxw8D? Why the FBI doesn?t deny false media reports, according to James B. Comeyhttp://wapo.st/2mNmPao? ?You have to win some of these red states': Why moderate Democrats can?t be ignoredhttp://wapo.st/2nf1c5V? The lawyer introducing Gorsuch is suing the Trump administration over the travel banhttps://www.washingtonpost.com/politics/2017/live-updates/trump-white-house/neil-gorsuch-confirmation-hearings-updates-and-analysis-on-the-supreme-court-nominee/lawyer-introducing-gorsuch-suing-trump-administration-over-travel-ban/?utm_term=.1764269f4418?? ?We have looked carefully inside the FBI,?? and agents found nothing to support Trump's wiretap claims, Comey saidhttps://www.washingtonpost.com/world/national-security/fbi-director-to-testify-on-russian-interference-in-the-presidential-election/2017/03/20/cdea86ca-0ce2-11e7-9d5a-a83e627dc120_story.html?utm_term=.f9de7983fee6?? The GOP is sticking to Trump?s talking points on Russiahttp://wapo.st/2neQM68? How my piece on the Mercer-Bannon network came about: 
https://www.facebook.com/groups/postthis/permalink/1931370843751085/?? Gorsuch?s hearing began Monday with Democrats claiming he shouldn't be there in the first place.http://wapo.st/2miPF6g?tid=ss_tw?? VIDEO: Durbin calls Gorsuch nomination ?part of a Republican strategy to capture our judicial branch? https://www.washingtonpost.com/politics/2017/live-updates/trump-white-house/neil-gorsuch-confirmation-hearings-updates-and-analysis-on-the-supreme-court-nominee/video-durbin-calls-gorsuch-nomination-part-of-a-republican-strategy-to-capture-our-judicial-branch/?utm_term=.1eda76a9f0d0?? Full transcript: FBI Director James Comey testifies on Russian interference in 2016 electionhttp://wapo.st/2neNMXv? FBI Director Comey: Justice has no information that supports Trump?s tweets alleging he was wiretapped by Obamahttps://www.washingtonpost.com/world/national-security/fbi-director-to-testify-on-russian-interference-in-the-presidential-election/2017/03/20/cdea86ca-0ce2-11e7-9d5a-a83e627dc120_story.html?utm_term=.6c34cbea9d6e?? FBI Director Comey confirms the bureau is investigating Russian interference in the 2016 presidential electionhttp://wapo.st/2mHFfIH?tid=ss_tw?? What to expect at the opening of the Gorsuch confirmation hearing todayhttps://www.washingtonpost.com/politics/2017/live-updates/trump-white-house/neil-gorsuch-confirmation-hearings-updates-and-analysis-on-the-supreme-court-nominee/what-to-expect-today/?utm_term=.27b24579cf1f?? We're exploring an issue at the heart of Trump's America: She sees a system rigged for her undocumented neighbors http://www.washingtonpost.com/sf/national/2017/03/18/fear-hope-and-deportations/?utm_term=.1dd4f67b392d??pic.twitter.com/uuoE9YfoCv Rex Tillerson?s view of media access is completely backwardhttp://wapo.st/2nefELA? The directors of the FBI and NSA are getting ready to testify before the House Intelligence Committee nowhttps://www.washingtonpost.com/world/national-security/fbi-director-to-testify-on-russian-interference-in-the-presidential-election/2017/03/20/cdea86ca-0ce2-11e7-9d5a-a83e627dc120_story.html?utm_term=.5d5c7799c7e1?? Looking for great accountability journalism? Have questions on this weekend's story on the Mercers & Bannon? Join us https://www.facebook.com/groups/postthis/?? The White House serves up a red herring on Russiahttp://wapo.st/2mM7Xcj?"
22,We the People,https://twitter.com/WeThePeople44,"Five years. A half million petitions. 40 million signatures. 

Thank you for making your voices heard.https://medium.com/the-white-house/in-review-the-most-memorable-we-the-people-petitions-2f26797d00c#.3nwgqdga5?? ""The petition response heard around the galaxy."" How a petition on a Death Star helped lift up real-life science: http://go.wh.gov/WTPinReview?pic.twitter.com/7bCHzeIADM ~20K signatures a day ?
40M signatures total ?
29M users ?
 
A look back at @WeThePeople: http://go.wh.gov/WTPinReview?pic.twitter.com/u6JUdM967E White House petitions have inspired real change over the past 5 years. A look back at how you've made a difference: http://go.wh.gov/WTPinReview?pic.twitter.com/plhsr1ndb4 Your petitions have inspired real change. Here?s how we plan to respond to them in the Administration's final weeks:http://go.wh.gov/tcNUQF? It?s been a remarkable 5 years for We the People. Here?s a look back on what we?ve accomplished ? and next steps:http://go.wh.gov/tcNUQF? We the People has had a remarkable run: 
~20K signatures/day  ?
40M signatures total  ?

Here's what's next for us:http://go.wh.gov/tcNUQF? #SecDef Ash Carter of @DeptofDefense responds to petition signers concerned about military bonus repayments  ?
https://petitions.whitehouse.gov/petition/reverse-decision-forced-thousands-military-veterans-repay-bonuses-they-received-going-war?? You heard @BillMaher right - @POTUS will be a guest on #RealTime @HBO next Friday! https://petitions.whitehouse.gov/petition/ask-president-obama-appear-hbos-real-time-bill-maher?? We the People is 5 yrs old today! Check out ways we've improved how you can engage with @WhiteHouse over the years:https://medium.com/@Goldman44/redesigning-we-the-people-c8ce93f4280#.v9b5fuszh?? Today is our fifth birthday!  Celebrate with us by creating or signing a petition ? https://petitions.whitehouse.gov/? In which I learn it's possible to get an ""athletic visa"" to come to the US for a video game competition https://petitions.whitehouse.gov/petition/uscis-should-recognize-all-esports-legitimate-sports-so-international-players-can-come-us-p1-visas?? Listen to today's call with @vj44 and petition signers on the assault weapons ban. http://go.wh.gov/WTP-Call?https://twitter.com/vj44/status/745005833604468736?? Read the response we just issued from @VP to a petition calling for a ban on the AR-15 assault weapon.https://twitter.com/VP/status/743848155993735169?? ""I wanted you to be the 1st to know about some important news"" ?@POTUS to petition signers on #overtime. What's new?http://go.wh.gov/Overtime? We redesigned We the People to be easier for everybody to use. Use it to call for change ? http://go.wh.gov/PetitionsRedesign??pic.twitter.com/AysrbelH1e Get ready: @ProductHunt chats with @Goldman44 on @WhiteHouse digital & our new redesign - send your Qs now!https://twitter.com/rrhoover/status/723141010214150144?? The White House is making it easier to petition the government while mobile http://www.theverge.com/2016/4/21/11477100/white-house-petitions-mobile-update?utm_campaign=theverge&utm_content=chorus&utm_medium=social&utm_source=twitter??pic.twitter.com/Qu2gmpPvND Thursday!pic.twitter.com/GZn9x3FPnl We're live! So excited to bring you a re-envisioned http://petitions.whitehouse.gov?. Here's why ? http://go.wh.gov/PetitionsRedesign??pic.twitter.com/RD18KnvQM5"
